v 0.01498300 0.01000000 0.00071900
v 0.01498300 0.01000000 0.00071900
v 0.01498300 0.01000000 0.00071900
v 0.01498300 0.01000000 0.00071900
v 0.01499600 0.02333300 0.00036000
v 0.01499600 0.02333300 0.00036000
v 0.01499600 0.02333300 0.00036000
v 0.01499600 0.02333300 0.00036000
v 0.01499600 0.02333300 0.00036000
v 0.01499600 0.02333300 0.00036000
v 0.01500000 0.01000000 0.00000000
v 0.01500000 0.01000000 0.00000000
v 0.01500000 0.01000000 0.00000000
v 0.01500000 0.01000000 0.00000000
v 0.01499600 0.02333300 -0.00036000
v 0.01499600 0.02333300 -0.00036000
v 0.01499600 0.02333300 -0.00036000
v 0.01499600 0.02333300 -0.00036000
v 0.01499600 0.02333300 -0.00036000
v 0.01498300 0.01000000 -0.00071900
v 0.01498300 0.01000000 -0.00071900
v 0.01498300 0.01000000 -0.00071900
v 0.01498300 0.01000000 -0.00071900
v 0.01496100 0.02333300 -0.00107800
v 0.01496100 0.02333300 -0.00107800
v 0.01496100 0.02333300 -0.00107800
v 0.01496100 0.02333300 -0.00107800
v 0.01496100 0.02333300 -0.00107800
v 0.01496100 0.02333300 -0.00107800
v 0.01493100 0.01000000 -0.00143700
v 0.01493100 0.01000000 -0.00143700
v 0.01493100 0.01000000 -0.00143700
v 0.01493100 0.01000000 -0.00143700
v 0.01489200 0.02333300 -0.00179400
v 0.01489200 0.02333300 -0.00179400
v 0.01489200 0.02333300 -0.00179400
v 0.01489200 0.02333300 -0.00179400
v 0.01489200 0.02333300 -0.00179400
v 0.01484500 0.01000000 -0.00215100
v 0.01484500 0.01000000 -0.00215100
v 0.01484500 0.01000000 -0.00215100
v 0.01484500 0.01000000 -0.00215100
v 0.01478900 0.02333300 -0.00250600
v 0.01478900 0.02333300 -0.00250600
v 0.01478900 0.02333300 -0.00250600
v 0.01478900 0.02333300 -0.00250600
v 0.01478900 0.02333300 -0.00250600
v 0.01472500 0.01000000 -0.00286000
v 0.01472500 0.01000000 -0.00286000
v 0.01472500 0.01000000 -0.00286000
v 0.01472500 0.01000000 -0.00286000
v 0.01465200 0.02333300 -0.00321200
v 0.01465200 0.02333300 -0.00321200
v 0.01465200 0.02333300 -0.00321200
v 0.01465200 0.02333300 -0.00321200
v 0.01465200 0.02333300 -0.00321200
v 0.01457100 0.01000000 -0.00356300
v 0.01457100 0.01000000 -0.00356300
v 0.01457100 0.01000000 -0.00356300
v 0.01457100 0.01000000 -0.00356300
v 0.01448100 0.02333300 -0.00391100
v 0.01448100 0.02333300 -0.00391100
v 0.01448100 0.02333300 -0.00391100
v 0.01448100 0.02333300 -0.00391100
v 0.01448100 0.02333300 -0.00391100
v 0.01438300 0.01000000 -0.00425700
v 0.01438300 0.01000000 -0.00425700
v 0.01438300 0.01000000 -0.00425700
v 0.01438300 0.01000000 -0.00425700
v 0.01427700 0.02333300 -0.00460100
v 0.01427700 0.02333300 -0.00460100
v 0.01427700 0.02333300 -0.00460100
v 0.01427700 0.02333300 -0.00460100
v 0.01427700 0.02333300 -0.00460100
v 0.01416200 0.01000000 -0.00494200
v 0.01416200 0.01000000 -0.00494200
v 0.01416200 0.01000000 -0.00494200
v 0.01416200 0.01000000 -0.00494200
v 0.01404000 0.02333300 -0.00528000
v 0.01404000 0.02333300 -0.00528000
v 0.01404000 0.02333300 -0.00528000
v 0.01404000 0.02333300 -0.00528000
v 0.01404000 0.02333300 -0.00528000
v 0.01390900 0.01000000 -0.00561500
v 0.01390900 0.01000000 -0.00561500
v 0.01390900 0.01000000 -0.00561500
v 0.01390900 0.01000000 -0.00561500
v 0.01377100 0.02333300 -0.00594700
v 0.01377100 0.02333300 -0.00594700
v 0.01377100 0.02333300 -0.00594700
v 0.01377100 0.02333300 -0.00594700
v 0.01377100 0.02333300 -0.00594700
v 0.01362400 0.01000000 -0.00627600
v 0.01362400 0.01000000 -0.00627600
v 0.01362400 0.01000000 -0.00627600
v 0.01362400 0.01000000 -0.00627600
v 0.01347000 0.02333300 -0.00660100
v 0.01347000 0.02333300 -0.00660100
v 0.01347000 0.02333300 -0.00660100
v 0.01347000 0.02333300 -0.00660100
v 0.01347000 0.02333300 -0.00660100
v 0.01330700 0.01000000 -0.00692200
v 0.01330700 0.01000000 -0.00692200
v 0.01330700 0.01000000 -0.00692200
v 0.01330700 0.01000000 -0.00692200
v 0.01313800 0.02333300 -0.00723900
v 0.01313800 0.02333300 -0.00723900
v 0.01313800 0.02333300 -0.00723900
v 0.01313800 0.02333300 -0.00723900
v 0.01313800 0.02333300 -0.00723900
v 0.01296000 0.01000000 -0.00755200
v 0.01296000 0.01000000 -0.00755200
v 0.01296000 0.01000000 -0.00755200
v 0.01296000 0.01000000 -0.00755200
v 0.01277500 0.02333300 -0.00786000
v 0.01277500 0.02333300 -0.00786000
v 0.01277500 0.02333300 -0.00786000
v 0.01277500 0.02333300 -0.00786000
v 0.01277500 0.02333300 -0.00786000
v 0.01258300 0.01000000 -0.00816500
v 0.01258300 0.01000000 -0.00816500
v 0.01258300 0.01000000 -0.00816500
v 0.01258300 0.01000000 -0.00816500
v 0.01238400 0.02333300 -0.00846400
v 0.01238400 0.02333300 -0.00846400
v 0.01238400 0.02333300 -0.00846400
v 0.01238400 0.02333300 -0.00846400
v 0.01238400 0.02333300 -0.00846400
v 0.01217700 0.01000000 -0.00875800
v 0.01217700 0.01000000 -0.00875800
v 0.01217700 0.01000000 -0.00875800
v 0.01217700 0.01000000 -0.00875800
v 0.01196400 0.02333300 -0.00904800
v 0.01196400 0.02333300 -0.00904800
v 0.01196400 0.02333300 -0.00904800
v 0.01196400 0.02333300 -0.00904800
v 0.01196400 0.02333300 -0.00904800
v 0.01174300 0.01000000 -0.00933200
v 0.01174300 0.01000000 -0.00933200
v 0.01174300 0.01000000 -0.00933200
v 0.01174300 0.01000000 -0.00933200
v 0.01151600 0.02333300 -0.00961100
v 0.01151600 0.02333300 -0.00961100
v 0.01151600 0.02333300 -0.00961100
v 0.01151600 0.02333300 -0.00961100
v 0.01151600 0.02333300 -0.00961100
v 0.01151600 0.02333300 -0.00961100
v 0.01128300 0.01000000 -0.00988500
v 0.01128300 0.01000000 -0.00988500
v 0.01128300 0.01000000 -0.00988500
v 0.01128300 0.01000000 -0.00988500
v 0.01104200 0.02333300 -0.01015200
v 0.01104200 0.02333300 -0.01015200
v 0.01104200 0.02333300 -0.01015200
v 0.01104200 0.02333300 -0.01015200
v 0.01104200 0.02333300 -0.01015200
v 0.01079600 0.01000000 -0.01041400
v 0.01079600 0.01000000 -0.01041400
v 0.01079600 0.01000000 -0.01041400
v 0.01079600 0.01000000 -0.01041400
v 0.01054300 0.02333300 -0.01067000
v 0.01054300 0.02333300 -0.01067000
v 0.01054300 0.02333300 -0.01067000
v 0.01054300 0.02333300 -0.01067000
v 0.01054300 0.02333300 -0.01067000
v 0.01028400 0.01000000 -0.01092000
v 0.01028400 0.01000000 -0.01092000
v 0.01028400 0.01000000 -0.01092000
v 0.01028400 0.01000000 -0.01092000
v 0.01001900 0.02333300 -0.01116300
v 0.01001900 0.02333300 -0.01116300
v 0.01001900 0.02333300 -0.01116300
v 0.01001900 0.02333300 -0.01116300
v 0.01001900 0.02333300 -0.01116300
v 0.00974900 0.01000000 -0.01140000
v 0.00974900 0.01000000 -0.01140000
v 0.00974900 0.01000000 -0.01140000
v 0.00974900 0.01000000 -0.01140000
v 0.00947200 0.02333300 -0.01163100
v 0.00947200 0.02333300 -0.01163100
v 0.00947200 0.02333300 -0.01163100
v 0.00947200 0.02333300 -0.01163100
v 0.00947200 0.02333300 -0.01163100
v 0.00919100 0.01000000 -0.01185500
v 0.00919100 0.01000000 -0.01185500
v 0.00919100 0.01000000 -0.01185500
v 0.00919100 0.01000000 -0.01185500
v 0.00890400 0.02333300 -0.01207200
v 0.00890400 0.02333300 -0.01207200
v 0.00890400 0.02333300 -0.01207200
v 0.00890400 0.02333300 -0.01207200
v 0.00890400 0.02333300 -0.01207200
v 0.00861200 0.01000000 -0.01228200
v 0.00861200 0.01000000 -0.01228200
v 0.00861200 0.01000000 -0.01228200
v 0.00861200 0.01000000 -0.01228200
v 0.00831500 0.02333300 -0.01248500
v 0.00831500 0.02333300 -0.01248500
v 0.00831500 0.02333300 -0.01248500
v 0.00831500 0.02333300 -0.01248500
v 0.00831500 0.02333300 -0.01248500
v 0.00801300 0.01000000 -0.01268000
v 0.00801300 0.01000000 -0.01268000
v 0.00801300 0.01000000 -0.01268000
v 0.00801300 0.01000000 -0.01268000
v 0.00770700 0.02333300 -0.01286900
v 0.00770700 0.02333300 -0.01286900
v 0.00770700 0.02333300 -0.01286900
v 0.00770700 0.02333300 -0.01286900
v 0.00770700 0.02333300 -0.01286900
v 0.00739600 0.01000000 -0.01305000
v 0.00739600 0.01000000 -0.01305000
v 0.00739600 0.01000000 -0.01305000
v 0.00739600 0.01000000 -0.01305000
v 0.00708100 0.02333300 -0.01322400
v 0.00708100 0.02333300 -0.01322400
v 0.00708100 0.02333300 -0.01322400
v 0.00708100 0.02333300 -0.01322400
v 0.00708100 0.02333300 -0.01322400
v 0.00676200 0.01000000 -0.01339000
v 0.00676200 0.01000000 -0.01339000
v 0.00676200 0.01000000 -0.01339000
v 0.00676200 0.01000000 -0.01339000
v 0.00643900 0.02333300 -0.01354800
v 0.00643900 0.02333300 -0.01354800
v 0.00643900 0.02333300 -0.01354800
v 0.00643900 0.02333300 -0.01354800
v 0.00643900 0.02333300 -0.01354800
v 0.00611200 0.01000000 -0.01369800
v 0.00611200 0.01000000 -0.01369800
v 0.00611200 0.01000000 -0.01369800
v 0.00611200 0.01000000 -0.01369800
v 0.00578200 0.02333300 -0.01384100
v 0.00578200 0.02333300 -0.01384100
v 0.00578200 0.02333300 -0.01384100
v 0.00578200 0.02333300 -0.01384100
v 0.00578200 0.02333300 -0.01384100
v 0.00544800 0.01000000 -0.01397600
v 0.00544800 0.01000000 -0.01397600
v 0.00544800 0.01000000 -0.01397600
v 0.00544800 0.01000000 -0.01397600
v 0.00511200 0.02333300 -0.01410200
v 0.00511200 0.02333300 -0.01410200
v 0.00511200 0.02333300 -0.01410200
v 0.00511200 0.02333300 -0.01410200
v 0.00511200 0.02333300 -0.01410200
v 0.00477200 0.01000000 -0.01422100
v 0.00477200 0.01000000 -0.01422100
v 0.00477200 0.01000000 -0.01422100
v 0.00477200 0.01000000 -0.01422100
v 0.00443000 0.02333300 -0.01433100
v 0.00443000 0.02333300 -0.01433100
v 0.00443000 0.02333300 -0.01433100
v 0.00443000 0.02333300 -0.01433100
v 0.00443000 0.02333300 -0.01433100
v 0.00408500 0.01000000 -0.01443300
v 0.00408500 0.01000000 -0.01443300
v 0.00408500 0.01000000 -0.01443300
v 0.00408500 0.01000000 -0.01443300
v 0.00373700 0.02333300 -0.01452700
v 0.00373700 0.02333300 -0.01452700
v 0.00373700 0.02333300 -0.01452700
v 0.00373700 0.02333300 -0.01452700
v 0.00373700 0.02333300 -0.01452700
v 0.00338800 0.01000000 -0.01461200
v 0.00338800 0.01000000 -0.01461200
v 0.00338800 0.01000000 -0.01461200
v 0.00338800 0.01000000 -0.01461200
v 0.00303700 0.02333300 -0.01468900
v 0.00303700 0.02333300 -0.01468900
v 0.00303700 0.02333300 -0.01468900
v 0.00303700 0.02333300 -0.01468900
v 0.00303700 0.02333300 -0.01468900
v 0.00268300 0.01000000 -0.01475800
v 0.00268300 0.01000000 -0.01475800
v 0.00268300 0.01000000 -0.01475800
v 0.00268300 0.01000000 -0.01475800
v 0.00232900 0.02333300 -0.01481800
v 0.00232900 0.02333300 -0.01481800
v 0.00232900 0.02333300 -0.01481800
v 0.00232900 0.02333300 -0.01481800
v 0.00232900 0.02333300 -0.01481800
v 0.00197300 0.01000000 -0.01487000
v 0.00197300 0.01000000 -0.01487000
v 0.00197300 0.01000000 -0.01487000
v 0.00197300 0.01000000 -0.01487000
v 0.00161600 0.02333300 -0.01491300
v 0.00161600 0.02333300 -0.01491300
v 0.00161600 0.02333300 -0.01491300
v 0.00161600 0.02333300 -0.01491300
v 0.00161600 0.02333300 -0.01491300
v 0.00125800 0.01000000 -0.01494700
v 0.00125800 0.01000000 -0.01494700
v 0.00125800 0.01000000 -0.01494700
v 0.00125800 0.01000000 -0.01494700
v 0.00089900 0.02333300 -0.01497300
v 0.00089900 0.02333300 -0.01497300
v 0.00089900 0.02333300 -0.01497300
v 0.00089900 0.02333300 -0.01497300
v 0.00089900 0.02333300 -0.01497300
v 0.00053900 0.01000000 -0.01499000
v 0.00053900 0.01000000 -0.01499000
v 0.00053900 0.01000000 -0.01499000
v 0.00053900 0.01000000 -0.01499000
v 0.00018000 0.02333300 -0.01499900
v 0.00018000 0.02333300 -0.01499900
v 0.00018000 0.02333300 -0.01499900
v 0.00018000 0.02333300 -0.01499900
v 0.00018000 0.02333300 -0.01499900
v -0.00018000 0.01000000 -0.01499900
v -0.00018000 0.01000000 -0.01499900
v -0.00018000 0.01000000 -0.01499900
v -0.00018000 0.01000000 -0.01499900
v -0.00053900 0.02333300 -0.01499000
v -0.00053900 0.02333300 -0.01499000
v -0.00053900 0.02333300 -0.01499000
v -0.00053900 0.02333300 -0.01499000
v -0.00053900 0.02333300 -0.01499000
v -0.00089900 0.01000000 -0.01497300
v -0.00089900 0.01000000 -0.01497300
v -0.00089900 0.01000000 -0.01497300
v -0.00089900 0.01000000 -0.01497300
v -0.00125800 0.02333300 -0.01494700
v -0.00125800 0.02333300 -0.01494700
v -0.00125800 0.02333300 -0.01494700
v -0.00125800 0.02333300 -0.01494700
v -0.00125800 0.02333300 -0.01494700
v -0.00161600 0.01000000 -0.01491300
v -0.00161600 0.01000000 -0.01491300
v -0.00161600 0.01000000 -0.01491300
v -0.00161600 0.01000000 -0.01491300
v -0.00197300 0.02333300 -0.01487000
v -0.00197300 0.02333300 -0.01487000
v -0.00197300 0.02333300 -0.01487000
v -0.00197300 0.02333300 -0.01487000
v -0.00197300 0.02333300 -0.01487000
v -0.00232900 0.01000000 -0.01481800
v -0.00232900 0.01000000 -0.01481800
v -0.00232900 0.01000000 -0.01481800
v -0.00232900 0.01000000 -0.01481800
v -0.00268300 0.02333300 -0.01475800
v -0.00268300 0.02333300 -0.01475800
v -0.00268300 0.02333300 -0.01475800
v -0.00268300 0.02333300 -0.01475800
v -0.00268300 0.02333300 -0.01475800
v -0.00303700 0.01000000 -0.01468900
v -0.00303700 0.01000000 -0.01468900
v -0.00303700 0.01000000 -0.01468900
v -0.00303700 0.01000000 -0.01468900
v -0.00338800 0.02333300 -0.01461200
v -0.00338800 0.02333300 -0.01461200
v -0.00338800 0.02333300 -0.01461200
v -0.00338800 0.02333300 -0.01461200
v -0.00338800 0.02333300 -0.01461200
v -0.00373700 0.01000000 -0.01452700
v -0.00373700 0.01000000 -0.01452700
v -0.00373700 0.01000000 -0.01452700
v -0.00373700 0.01000000 -0.01452700
v -0.00408500 0.02333300 -0.01443300
v -0.00408500 0.02333300 -0.01443300
v -0.00408500 0.02333300 -0.01443300
v -0.00408500 0.02333300 -0.01443300
v -0.00408500 0.02333300 -0.01443300
v -0.00443000 0.01000000 -0.01433100
v -0.00443000 0.01000000 -0.01433100
v -0.00443000 0.01000000 -0.01433100
v -0.00443000 0.01000000 -0.01433100
v -0.00477200 0.02333300 -0.01422100
v -0.00477200 0.02333300 -0.01422100
v -0.00477200 0.02333300 -0.01422100
v -0.00477200 0.02333300 -0.01422100
v -0.00477200 0.02333300 -0.01422100
v -0.00511200 0.01000000 -0.01410200
v -0.00511200 0.01000000 -0.01410200
v -0.00511200 0.01000000 -0.01410200
v -0.00511200 0.01000000 -0.01410200
v -0.00544800 0.02333300 -0.01397600
v -0.00544800 0.02333300 -0.01397600
v -0.00544800 0.02333300 -0.01397600
v -0.00544800 0.02333300 -0.01397600
v -0.00544800 0.02333300 -0.01397600
v -0.00578200 0.01000000 -0.01384100
v -0.00578200 0.01000000 -0.01384100
v -0.00578200 0.01000000 -0.01384100
v -0.00578200 0.01000000 -0.01384100
v -0.00611200 0.02333300 -0.01369800
v -0.00611200 0.02333300 -0.01369800
v -0.00611200 0.02333300 -0.01369800
v -0.00611200 0.02333300 -0.01369800
v -0.00611200 0.02333300 -0.01369800
v -0.00643900 0.01000000 -0.01354800
v -0.00643900 0.01000000 -0.01354800
v -0.00643900 0.01000000 -0.01354800
v -0.00643900 0.01000000 -0.01354800
v -0.00676200 0.02333300 -0.01339000
v -0.00676200 0.02333300 -0.01339000
v -0.00676200 0.02333300 -0.01339000
v -0.00676200 0.02333300 -0.01339000
v -0.00676200 0.02333300 -0.01339000
v -0.00708100 0.01000000 -0.01322400
v -0.00708100 0.01000000 -0.01322400
v -0.00708100 0.01000000 -0.01322400
v -0.00708100 0.01000000 -0.01322400
v -0.00739600 0.02333300 -0.01305000
v -0.00739600 0.02333300 -0.01305000
v -0.00739600 0.02333300 -0.01305000
v -0.00739600 0.02333300 -0.01305000
v -0.00739600 0.02333300 -0.01305000
v -0.00770700 0.01000000 -0.01286900
v -0.00770700 0.01000000 -0.01286900
v -0.00770700 0.01000000 -0.01286900
v -0.00770700 0.01000000 -0.01286900
v -0.00801300 0.02333300 -0.01268000
v -0.00801300 0.02333300 -0.01268000
v -0.00801300 0.02333300 -0.01268000
v -0.00801300 0.02333300 -0.01268000
v -0.00801300 0.02333300 -0.01268000
v -0.00831500 0.01000000 -0.01248500
v -0.00831500 0.01000000 -0.01248500
v -0.00831500 0.01000000 -0.01248500
v -0.00831500 0.01000000 -0.01248500
v -0.00861200 0.02333300 -0.01228200
v -0.00861200 0.02333300 -0.01228200
v -0.00861200 0.02333300 -0.01228200
v -0.00861200 0.02333300 -0.01228200
v -0.00861200 0.02333300 -0.01228200
v -0.00890400 0.01000000 -0.01207200
v -0.00890400 0.01000000 -0.01207200
v -0.00890400 0.01000000 -0.01207200
v -0.00890400 0.01000000 -0.01207200
v -0.00919100 0.02333300 -0.01185500
v -0.00919100 0.02333300 -0.01185500
v -0.00919100 0.02333300 -0.01185500
v -0.00919100 0.02333300 -0.01185500
v -0.00919100 0.02333300 -0.01185500
v -0.00947200 0.01000000 -0.01163100
v -0.00947200 0.01000000 -0.01163100
v -0.00947200 0.01000000 -0.01163100
v -0.00947200 0.01000000 -0.01163100
v -0.00974900 0.02333300 -0.01140000
v -0.00974900 0.02333300 -0.01140000
v -0.00974900 0.02333300 -0.01140000
v -0.00974900 0.02333300 -0.01140000
v -0.00974900 0.02333300 -0.01140000
v -0.01001900 0.01000000 -0.01116300
v -0.01001900 0.01000000 -0.01116300
v -0.01001900 0.01000000 -0.01116300
v -0.01001900 0.01000000 -0.01116300
v -0.01028400 0.02333300 -0.01092000
v -0.01028400 0.02333300 -0.01092000
v -0.01028400 0.02333300 -0.01092000
v -0.01028400 0.02333300 -0.01092000
v -0.01028400 0.02333300 -0.01092000
v -0.01054300 0.01000000 -0.01067000
v -0.01054300 0.01000000 -0.01067000
v -0.01054300 0.01000000 -0.01067000
v -0.01054300 0.01000000 -0.01067000
v -0.01079600 0.02333300 -0.01041400
v -0.01079600 0.02333300 -0.01041400
v -0.01079600 0.02333300 -0.01041400
v -0.01079600 0.02333300 -0.01041400
v -0.01079600 0.02333300 -0.01041400
v -0.01104200 0.01000000 -0.01015200
v -0.01104200 0.01000000 -0.01015200
v -0.01104200 0.01000000 -0.01015200
v -0.01104200 0.01000000 -0.01015200
v -0.01128300 0.02333300 -0.00988500
v -0.01128300 0.02333300 -0.00988500
v -0.01128300 0.02333300 -0.00988500
v -0.01128300 0.02333300 -0.00988500
v -0.01128300 0.02333300 -0.00988500
v -0.01128300 0.02333300 -0.00988500
v -0.01151600 0.01000000 -0.00961100
v -0.01151600 0.01000000 -0.00961100
v -0.01151600 0.01000000 -0.00961100
v -0.01151600 0.01000000 -0.00961100
v -0.01174300 0.02333300 -0.00933200
v -0.01174300 0.02333300 -0.00933200
v -0.01174300 0.02333300 -0.00933200
v -0.01174300 0.02333300 -0.00933200
v -0.01174300 0.02333300 -0.00933200
v -0.01196400 0.01000000 -0.00904800
v -0.01196400 0.01000000 -0.00904800
v -0.01196400 0.01000000 -0.00904800
v -0.01196400 0.01000000 -0.00904800
v -0.01217700 0.02333300 -0.00875800
v -0.01217700 0.02333300 -0.00875800
v -0.01217700 0.02333300 -0.00875800
v -0.01217700 0.02333300 -0.00875800
v -0.01217700 0.02333300 -0.00875800
v -0.01238400 0.01000000 -0.00846400
v -0.01238400 0.01000000 -0.00846400
v -0.01238400 0.01000000 -0.00846400
v -0.01238400 0.01000000 -0.00846400
v -0.01258300 0.02333300 -0.00816500
v -0.01258300 0.02333300 -0.00816500
v -0.01258300 0.02333300 -0.00816500
v -0.01258300 0.02333300 -0.00816500
v -0.01258300 0.02333300 -0.00816500
v -0.01277500 0.01000000 -0.00786000
v -0.01277500 0.01000000 -0.00786000
v -0.01277500 0.01000000 -0.00786000
v -0.01277500 0.01000000 -0.00786000
v -0.01296000 0.02333300 -0.00755200
v -0.01296000 0.02333300 -0.00755200
v -0.01296000 0.02333300 -0.00755200
v -0.01296000 0.02333300 -0.00755200
v -0.01296000 0.02333300 -0.00755200
v -0.01313800 0.01000000 -0.00723900
v -0.01313800 0.01000000 -0.00723900
v -0.01313800 0.01000000 -0.00723900
v -0.01313800 0.01000000 -0.00723900
v -0.01330700 0.02333300 -0.00692200
v -0.01330700 0.02333300 -0.00692200
v -0.01330700 0.02333300 -0.00692200
v -0.01330700 0.02333300 -0.00692200
v -0.01330700 0.02333300 -0.00692200
v -0.01347000 0.01000000 -0.00660100
v -0.01347000 0.01000000 -0.00660100
v -0.01347000 0.01000000 -0.00660100
v -0.01347000 0.01000000 -0.00660100
v -0.01362400 0.02333300 -0.00627600
v -0.01362400 0.02333300 -0.00627600
v -0.01362400 0.02333300 -0.00627600
v -0.01362400 0.02333300 -0.00627600
v -0.01362400 0.02333300 -0.00627600
v -0.01377100 0.01000000 -0.00594700
v -0.01377100 0.01000000 -0.00594700
v -0.01377100 0.01000000 -0.00594700
v -0.01377100 0.01000000 -0.00594700
v -0.01390900 0.02333300 -0.00561500
v -0.01390900 0.02333300 -0.00561500
v -0.01390900 0.02333300 -0.00561500
v -0.01390900 0.02333300 -0.00561500
v -0.01390900 0.02333300 -0.00561500
v -0.01404000 0.01000000 -0.00528000
v -0.01404000 0.01000000 -0.00528000
v -0.01404000 0.01000000 -0.00528000
v -0.01404000 0.01000000 -0.00528000
v -0.01416200 0.02333300 -0.00494200
v -0.01416200 0.02333300 -0.00494200
v -0.01416200 0.02333300 -0.00494200
v -0.01416200 0.02333300 -0.00494200
v -0.01416200 0.02333300 -0.00494200
v -0.01427700 0.01000000 -0.00460100
v -0.01427700 0.01000000 -0.00460100
v -0.01427700 0.01000000 -0.00460100
v -0.01427700 0.01000000 -0.00460100
v -0.01438300 0.02333300 -0.00425700
v -0.01438300 0.02333300 -0.00425700
v -0.01438300 0.02333300 -0.00425700
v -0.01438300 0.02333300 -0.00425700
v -0.01438300 0.02333300 -0.00425700
v -0.01448100 0.01000000 -0.00391100
v -0.01448100 0.01000000 -0.00391100
v -0.01448100 0.01000000 -0.00391100
v -0.01448100 0.01000000 -0.00391100
v -0.01457100 0.02333300 -0.00356300
v -0.01457100 0.02333300 -0.00356300
v -0.01457100 0.02333300 -0.00356300
v -0.01457100 0.02333300 -0.00356300
v -0.01457100 0.02333300 -0.00356300
v -0.01465200 0.01000000 -0.00321200
v -0.01465200 0.01000000 -0.00321200
v -0.01465200 0.01000000 -0.00321200
v -0.01465200 0.01000000 -0.00321200
v -0.01472500 0.02333300 -0.00286000
v -0.01472500 0.02333300 -0.00286000
v -0.01472500 0.02333300 -0.00286000
v -0.01472500 0.02333300 -0.00286000
v -0.01472500 0.02333300 -0.00286000
v -0.01478900 0.01000000 -0.00250600
v -0.01478900 0.01000000 -0.00250600
v -0.01478900 0.01000000 -0.00250600
v -0.01478900 0.01000000 -0.00250600
v -0.01484500 0.02333300 -0.00215100
v -0.01484500 0.02333300 -0.00215100
v -0.01484500 0.02333300 -0.00215100
v -0.01484500 0.02333300 -0.00215100
v -0.01484500 0.02333300 -0.00215100
v -0.01489200 0.01000000 -0.00179400
v -0.01489200 0.01000000 -0.00179400
v -0.01489200 0.01000000 -0.00179400
v -0.01489200 0.01000000 -0.00179400
v -0.01493100 0.02333300 -0.00143700
v -0.01493100 0.02333300 -0.00143700
v -0.01493100 0.02333300 -0.00143700
v -0.01493100 0.02333300 -0.00143700
v -0.01493100 0.02333300 -0.00143700
v -0.01496100 0.01000000 -0.00107800
v -0.01496100 0.01000000 -0.00107800
v -0.01496100 0.01000000 -0.00107800
v -0.01496100 0.01000000 -0.00107800
v -0.01498300 0.02333300 -0.00071900
v -0.01498300 0.02333300 -0.00071900
v -0.01498300 0.02333300 -0.00071900
v -0.01498300 0.02333300 -0.00071900
v -0.01498300 0.02333300 -0.00071900
v -0.01499600 0.01000000 -0.00036000
v -0.01499600 0.01000000 -0.00036000
v -0.01499600 0.01000000 -0.00036000
v -0.01499600 0.01000000 -0.00036000
v -0.01500000 0.02333300 0.00000000
v -0.01500000 0.02333300 0.00000000
v -0.01500000 0.02333300 0.00000000
v -0.01500000 0.02333300 0.00000000
v -0.01500000 0.02333300 0.00000000
v -0.01499600 0.01000000 0.00036000
v -0.01499600 0.01000000 0.00036000
v -0.01499600 0.01000000 0.00036000
v -0.01499600 0.01000000 0.00036000
v -0.01498300 0.02333300 0.00071900
v -0.01498300 0.02333300 0.00071900
v -0.01498300 0.02333300 0.00071900
v -0.01498300 0.02333300 0.00071900
v -0.01498300 0.02333300 0.00071900
v -0.01496100 0.01000000 0.00107800
v -0.01496100 0.01000000 0.00107800
v -0.01496100 0.01000000 0.00107800
v -0.01496100 0.01000000 0.00107800
v -0.01493100 0.02333300 0.00143700
v -0.01493100 0.02333300 0.00143700
v -0.01493100 0.02333300 0.00143700
v -0.01493100 0.02333300 0.00143700
v -0.01493100 0.02333300 0.00143700
v -0.01489200 0.01000000 0.00179400
v -0.01489200 0.01000000 0.00179400
v -0.01489200 0.01000000 0.00179400
v -0.01489200 0.01000000 0.00179400
v -0.01484500 0.02333300 0.00215100
v -0.01484500 0.02333300 0.00215100
v -0.01484500 0.02333300 0.00215100
v -0.01484500 0.02333300 0.00215100
v -0.01484500 0.02333300 0.00215100
v -0.01478900 0.01000000 0.00250600
v -0.01478900 0.01000000 0.00250600
v -0.01478900 0.01000000 0.00250600
v -0.01478900 0.01000000 0.00250600
v -0.01472500 0.02333300 0.00286000
v -0.01472500 0.02333300 0.00286000
v -0.01472500 0.02333300 0.00286000
v -0.01472500 0.02333300 0.00286000
v -0.01472500 0.02333300 0.00286000
v -0.01465200 0.01000000 0.00321200
v -0.01465200 0.01000000 0.00321200
v -0.01465200 0.01000000 0.00321200
v -0.01465200 0.01000000 0.00321200
v -0.01457100 0.02333300 0.00356300
v -0.01457100 0.02333300 0.00356300
v -0.01457100 0.02333300 0.00356300
v -0.01457100 0.02333300 0.00356300
v -0.01457100 0.02333300 0.00356300
v -0.01448100 0.01000000 0.00391100
v -0.01448100 0.01000000 0.00391100
v -0.01448100 0.01000000 0.00391100
v -0.01448100 0.01000000 0.00391100
v -0.01438300 0.02333300 0.00425700
v -0.01438300 0.02333300 0.00425700
v -0.01438300 0.02333300 0.00425700
v -0.01438300 0.02333300 0.00425700
v -0.01438300 0.02333300 0.00425700
v -0.01427700 0.01000000 0.00460100
v -0.01427700 0.01000000 0.00460100
v -0.01427700 0.01000000 0.00460100
v -0.01427700 0.01000000 0.00460100
v -0.01416200 0.02333300 0.00494200
v -0.01416200 0.02333300 0.00494200
v -0.01416200 0.02333300 0.00494200
v -0.01416200 0.02333300 0.00494200
v -0.01416200 0.02333300 0.00494200
v -0.01404000 0.01000000 0.00528000
v -0.01404000 0.01000000 0.00528000
v -0.01404000 0.01000000 0.00528000
v -0.01404000 0.01000000 0.00528000
v -0.01390900 0.02333300 0.00561500
v -0.01390900 0.02333300 0.00561500
v -0.01390900 0.02333300 0.00561500
v -0.01390900 0.02333300 0.00561500
v -0.01390900 0.02333300 0.00561500
v -0.01377100 0.01000000 0.00594700
v -0.01377100 0.01000000 0.00594700
v -0.01377100 0.01000000 0.00594700
v -0.01377100 0.01000000 0.00594700
v -0.01362400 0.02333300 0.00627600
v -0.01362400 0.02333300 0.00627600
v -0.01362400 0.02333300 0.00627600
v -0.01362400 0.02333300 0.00627600
v -0.01362400 0.02333300 0.00627600
v -0.01347000 0.01000000 0.00660100
v -0.01347000 0.01000000 0.00660100
v -0.01347000 0.01000000 0.00660100
v -0.01347000 0.01000000 0.00660100
v -0.01330700 0.02333300 0.00692200
v -0.01330700 0.02333300 0.00692200
v -0.01330700 0.02333300 0.00692200
v -0.01330700 0.02333300 0.00692200
v -0.01330700 0.02333300 0.00692200
v -0.01313800 0.01000000 0.00723900
v -0.01313800 0.01000000 0.00723900
v -0.01313800 0.01000000 0.00723900
v -0.01313800 0.01000000 0.00723900
v -0.01296000 0.02333300 0.00755200
v -0.01296000 0.02333300 0.00755200
v -0.01296000 0.02333300 0.00755200
v -0.01296000 0.02333300 0.00755200
v -0.01296000 0.02333300 0.00755200
v -0.01277500 0.01000000 0.00786000
v -0.01277500 0.01000000 0.00786000
v -0.01277500 0.01000000 0.00786000
v -0.01277500 0.01000000 0.00786000
v -0.01258300 0.02333300 0.00816500
v -0.01258300 0.02333300 0.00816500
v -0.01258300 0.02333300 0.00816500
v -0.01258300 0.02333300 0.00816500
v -0.01258300 0.02333300 0.00816500
v -0.01238400 0.01000000 0.00846400
v -0.01238400 0.01000000 0.00846400
v -0.01238400 0.01000000 0.00846400
v -0.01238400 0.01000000 0.00846400
v -0.01217700 0.02333300 0.00875800
v -0.01217700 0.02333300 0.00875800
v -0.01217700 0.02333300 0.00875800
v -0.01217700 0.02333300 0.00875800
v -0.01217700 0.02333300 0.00875800
v -0.01196400 0.01000000 0.00904800
v -0.01196400 0.01000000 0.00904800
v -0.01196400 0.01000000 0.00904800
v -0.01196400 0.01000000 0.00904800
v -0.01174300 0.02333300 0.00933200
v -0.01174300 0.02333300 0.00933200
v -0.01174300 0.02333300 0.00933200
v -0.01174300 0.02333300 0.00933200
v -0.01174300 0.02333300 0.00933200
v -0.01151600 0.01000000 0.00961100
v -0.01151600 0.01000000 0.00961100
v -0.01151600 0.01000000 0.00961100
v -0.01151600 0.01000000 0.00961100
v -0.01128300 0.02333300 0.00988500
v -0.01128300 0.02333300 0.00988500
v -0.01128300 0.02333300 0.00988500
v -0.01128300 0.02333300 0.00988500
v -0.01128300 0.02333300 0.00988500
v -0.01104200 0.01000000 0.01015200
v -0.01104200 0.01000000 0.01015200
v -0.01104200 0.01000000 0.01015200
v -0.01104200 0.01000000 0.01015200
v -0.01079600 0.02333300 0.01041400
v -0.01079600 0.02333300 0.01041400
v -0.01079600 0.02333300 0.01041400
v -0.01079600 0.02333300 0.01041400
v -0.01079600 0.02333300 0.01041400
v -0.01079600 0.02333300 0.01041400
v -0.01054300 0.01000000 0.01067000
v -0.01054300 0.01000000 0.01067000
v -0.01054300 0.01000000 0.01067000
v -0.01054300 0.01000000 0.01067000
v -0.01028400 0.02333300 0.01092000
v -0.01028400 0.02333300 0.01092000
v -0.01028400 0.02333300 0.01092000
v -0.01028400 0.02333300 0.01092000
v -0.01028400 0.02333300 0.01092000
v -0.01001900 0.01000000 0.01116300
v -0.01001900 0.01000000 0.01116300
v -0.01001900 0.01000000 0.01116300
v -0.01001900 0.01000000 0.01116300
v -0.00974900 0.02333300 0.01140000
v -0.00974900 0.02333300 0.01140000
v -0.00974900 0.02333300 0.01140000
v -0.00974900 0.02333300 0.01140000
v -0.00974900 0.02333300 0.01140000
v -0.00947200 0.01000000 0.01163100
v -0.00947200 0.01000000 0.01163100
v -0.00947200 0.01000000 0.01163100
v -0.00947200 0.01000000 0.01163100
v -0.00919100 0.02333300 0.01185500
v -0.00919100 0.02333300 0.01185500
v -0.00919100 0.02333300 0.01185500
v -0.00919100 0.02333300 0.01185500
v -0.00919100 0.02333300 0.01185500
v -0.00890400 0.01000000 0.01207200
v -0.00890400 0.01000000 0.01207200
v -0.00890400 0.01000000 0.01207200
v -0.00890400 0.01000000 0.01207200
v -0.00861200 0.02333300 0.01228200
v -0.00861200 0.02333300 0.01228200
v -0.00861200 0.02333300 0.01228200
v -0.00861200 0.02333300 0.01228200
v -0.00861200 0.02333300 0.01228200
v -0.00831500 0.01000000 0.01248500
v -0.00831500 0.01000000 0.01248500
v -0.00831500 0.01000000 0.01248500
v -0.00831500 0.01000000 0.01248500
v -0.00801300 0.02333300 0.01268000
v -0.00801300 0.02333300 0.01268000
v -0.00801300 0.02333300 0.01268000
v -0.00801300 0.02333300 0.01268000
v -0.00801300 0.02333300 0.01268000
v -0.00770700 0.01000000 0.01286900
v -0.00770700 0.01000000 0.01286900
v -0.00770700 0.01000000 0.01286900
v -0.00770700 0.01000000 0.01286900
v -0.00739600 0.02333300 0.01305000
v -0.00739600 0.02333300 0.01305000
v -0.00739600 0.02333300 0.01305000
v -0.00739600 0.02333300 0.01305000
v -0.00739600 0.02333300 0.01305000
v -0.00708100 0.01000000 0.01322400
v -0.00708100 0.01000000 0.01322400
v -0.00708100 0.01000000 0.01322400
v -0.00708100 0.01000000 0.01322400
v -0.00676200 0.02333300 0.01339000
v -0.00676200 0.02333300 0.01339000
v -0.00676200 0.02333300 0.01339000
v -0.00676200 0.02333300 0.01339000
v -0.00676200 0.02333300 0.01339000
v -0.00643900 0.01000000 0.01354800
v -0.00643900 0.01000000 0.01354800
v -0.00643900 0.01000000 0.01354800
v -0.00643900 0.01000000 0.01354800
v -0.00611200 0.02333300 0.01369800
v -0.00611200 0.02333300 0.01369800
v -0.00611200 0.02333300 0.01369800
v -0.00611200 0.02333300 0.01369800
v -0.00611200 0.02333300 0.01369800
v -0.00578200 0.01000000 0.01384100
v -0.00578200 0.01000000 0.01384100
v -0.00578200 0.01000000 0.01384100
v -0.00578200 0.01000000 0.01384100
v -0.00544800 0.02333300 0.01397600
v -0.00544800 0.02333300 0.01397600
v -0.00544800 0.02333300 0.01397600
v -0.00544800 0.02333300 0.01397600
v -0.00544800 0.02333300 0.01397600
v -0.00511200 0.01000000 0.01410200
v -0.00511200 0.01000000 0.01410200
v -0.00511200 0.01000000 0.01410200
v -0.00511200 0.01000000 0.01410200
v -0.00477200 0.02333300 0.01422100
v -0.00477200 0.02333300 0.01422100
v -0.00477200 0.02333300 0.01422100
v -0.00477200 0.02333300 0.01422100
v -0.00477200 0.02333300 0.01422100
v -0.00443000 0.01000000 0.01433100
v -0.00443000 0.01000000 0.01433100
v -0.00443000 0.01000000 0.01433100
v -0.00443000 0.01000000 0.01433100
v -0.00408500 0.02333300 0.01443300
v -0.00408500 0.02333300 0.01443300
v -0.00408500 0.02333300 0.01443300
v -0.00408500 0.02333300 0.01443300
v -0.00408500 0.02333300 0.01443300
v -0.00373700 0.01000000 0.01452700
v -0.00373700 0.01000000 0.01452700
v -0.00373700 0.01000000 0.01452700
v -0.00373700 0.01000000 0.01452700
v -0.00338800 0.02333300 0.01461200
v -0.00338800 0.02333300 0.01461200
v -0.00338800 0.02333300 0.01461200
v -0.00338800 0.02333300 0.01461200
v -0.00338800 0.02333300 0.01461200
v -0.00303700 0.01000000 0.01468900
v -0.00303700 0.01000000 0.01468900
v -0.00303700 0.01000000 0.01468900
v -0.00303700 0.01000000 0.01468900
v -0.00268300 0.02333300 0.01475800
v -0.00268300 0.02333300 0.01475800
v -0.00268300 0.02333300 0.01475800
v -0.00268300 0.02333300 0.01475800
v -0.00268300 0.02333300 0.01475800
v -0.00232900 0.01000000 0.01481800
v -0.00232900 0.01000000 0.01481800
v -0.00232900 0.01000000 0.01481800
v -0.00232900 0.01000000 0.01481800
v -0.00197300 0.02333300 0.01487000
v -0.00197300 0.02333300 0.01487000
v -0.00197300 0.02333300 0.01487000
v -0.00197300 0.02333300 0.01487000
v -0.00197300 0.02333300 0.01487000
v -0.00161600 0.01000000 0.01491300
v -0.00161600 0.01000000 0.01491300
v -0.00161600 0.01000000 0.01491300
v -0.00161600 0.01000000 0.01491300
v -0.00125800 0.02333300 0.01494700
v -0.00125800 0.02333300 0.01494700
v -0.00125800 0.02333300 0.01494700
v -0.00125800 0.02333300 0.01494700
v -0.00125800 0.02333300 0.01494700
v -0.00089900 0.01000000 0.01497300
v -0.00089900 0.01000000 0.01497300
v -0.00089900 0.01000000 0.01497300
v -0.00089900 0.01000000 0.01497300
v -0.00053900 0.02333300 0.01499000
v -0.00053900 0.02333300 0.01499000
v -0.00053900 0.02333300 0.01499000
v -0.00053900 0.02333300 0.01499000
v -0.00053900 0.02333300 0.01499000
v -0.00018000 0.01000000 0.01499900
v -0.00018000 0.01000000 0.01499900
v -0.00018000 0.01000000 0.01499900
v -0.00018000 0.01000000 0.01499900
v 0.00018000 0.02333300 0.01499900
v 0.00018000 0.02333300 0.01499900
v 0.00018000 0.02333300 0.01499900
v 0.00018000 0.02333300 0.01499900
v 0.00018000 0.02333300 0.01499900
v 0.00053900 0.01000000 0.01499000
v 0.00053900 0.01000000 0.01499000
v 0.00053900 0.01000000 0.01499000
v 0.00053900 0.01000000 0.01499000
v 0.00089900 0.02333300 0.01497300
v 0.00089900 0.02333300 0.01497300
v 0.00089900 0.02333300 0.01497300
v 0.00089900 0.02333300 0.01497300
v 0.00089900 0.02333300 0.01497300
v 0.00125800 0.01000000 0.01494700
v 0.00125800 0.01000000 0.01494700
v 0.00125800 0.01000000 0.01494700
v 0.00125800 0.01000000 0.01494700
v 0.00161600 0.02333300 0.01491300
v 0.00161600 0.02333300 0.01491300
v 0.00161600 0.02333300 0.01491300
v 0.00161600 0.02333300 0.01491300
v 0.00161600 0.02333300 0.01491300
v 0.00197300 0.01000000 0.01487000
v 0.00197300 0.01000000 0.01487000
v 0.00197300 0.01000000 0.01487000
v 0.00197300 0.01000000 0.01487000
v 0.00232900 0.02333300 0.01481800
v 0.00232900 0.02333300 0.01481800
v 0.00232900 0.02333300 0.01481800
v 0.00232900 0.02333300 0.01481800
v 0.00232900 0.02333300 0.01481800
v 0.00268300 0.01000000 0.01475800
v 0.00268300 0.01000000 0.01475800
v 0.00268300 0.01000000 0.01475800
v 0.00268300 0.01000000 0.01475800
v 0.00303700 0.02333300 0.01468900
v 0.00303700 0.02333300 0.01468900
v 0.00303700 0.02333300 0.01468900
v 0.00303700 0.02333300 0.01468900
v 0.00303700 0.02333300 0.01468900
v 0.00338800 0.01000000 0.01461200
v 0.00338800 0.01000000 0.01461200
v 0.00338800 0.01000000 0.01461200
v 0.00338800 0.01000000 0.01461200
v 0.00373700 0.02333300 0.01452700
v 0.00373700 0.02333300 0.01452700
v 0.00373700 0.02333300 0.01452700
v 0.00373700 0.02333300 0.01452700
v 0.00373700 0.02333300 0.01452700
v 0.00408500 0.01000000 0.01443300
v 0.00408500 0.01000000 0.01443300
v 0.00408500 0.01000000 0.01443300
v 0.00408500 0.01000000 0.01443300
v 0.00443000 0.02333300 0.01433100
v 0.00443000 0.02333300 0.01433100
v 0.00443000 0.02333300 0.01433100
v 0.00443000 0.02333300 0.01433100
v 0.00443000 0.02333300 0.01433100
v 0.00477200 0.01000000 0.01422100
v 0.00477200 0.01000000 0.01422100
v 0.00477200 0.01000000 0.01422100
v 0.00477200 0.01000000 0.01422100
v 0.00511200 0.02333300 0.01410200
v 0.00511200 0.02333300 0.01410200
v 0.00511200 0.02333300 0.01410200
v 0.00511200 0.02333300 0.01410200
v 0.00511200 0.02333300 0.01410200
v 0.00544800 0.01000000 0.01397600
v 0.00544800 0.01000000 0.01397600
v 0.00544800 0.01000000 0.01397600
v 0.00544800 0.01000000 0.01397600
v 0.00578200 0.02333300 0.01384100
v 0.00578200 0.02333300 0.01384100
v 0.00578200 0.02333300 0.01384100
v 0.00578200 0.02333300 0.01384100
v 0.00578200 0.02333300 0.01384100
v 0.00611200 0.01000000 0.01369800
v 0.00611200 0.01000000 0.01369800
v 0.00611200 0.01000000 0.01369800
v 0.00611200 0.01000000 0.01369800
v 0.00643900 0.02333300 0.01354800
v 0.00643900 0.02333300 0.01354800
v 0.00643900 0.02333300 0.01354800
v 0.00643900 0.02333300 0.01354800
v 0.00643900 0.02333300 0.01354800
v 0.00676200 0.01000000 0.01339000
v 0.00676200 0.01000000 0.01339000
v 0.00676200 0.01000000 0.01339000
v 0.00676200 0.01000000 0.01339000
v 0.00708100 0.02333300 0.01322400
v 0.00708100 0.02333300 0.01322400
v 0.00708100 0.02333300 0.01322400
v 0.00708100 0.02333300 0.01322400
v 0.00708100 0.02333300 0.01322400
v 0.00739600 0.01000000 0.01305000
v 0.00739600 0.01000000 0.01305000
v 0.00739600 0.01000000 0.01305000
v 0.00739600 0.01000000 0.01305000
v 0.00770700 0.02333300 0.01286900
v 0.00770700 0.02333300 0.01286900
v 0.00770700 0.02333300 0.01286900
v 0.00770700 0.02333300 0.01286900
v 0.00770700 0.02333300 0.01286900
v 0.00801300 0.01000000 0.01268000
v 0.00801300 0.01000000 0.01268000
v 0.00801300 0.01000000 0.01268000
v 0.00801300 0.01000000 0.01268000
v 0.00831500 0.02333300 0.01248500
v 0.00831500 0.02333300 0.01248500
v 0.00831500 0.02333300 0.01248500
v 0.00831500 0.02333300 0.01248500
v 0.00831500 0.02333300 0.01248500
v 0.00861200 0.01000000 0.01228200
v 0.00861200 0.01000000 0.01228200
v 0.00861200 0.01000000 0.01228200
v 0.00861200 0.01000000 0.01228200
v 0.00890400 0.02333300 0.01207200
v 0.00890400 0.02333300 0.01207200
v 0.00890400 0.02333300 0.01207200
v 0.00890400 0.02333300 0.01207200
v 0.00890400 0.02333300 0.01207200
v 0.00919100 0.01000000 0.01185500
v 0.00919100 0.01000000 0.01185500
v 0.00919100 0.01000000 0.01185500
v 0.00919100 0.01000000 0.01185500
v 0.00947200 0.02333300 0.01163100
v 0.00947200 0.02333300 0.01163100
v 0.00947200 0.02333300 0.01163100
v 0.00947200 0.02333300 0.01163100
v 0.00947200 0.02333300 0.01163100
v 0.00974900 0.01000000 0.01140000
v 0.00974900 0.01000000 0.01140000
v 0.00974900 0.01000000 0.01140000
v 0.00974900 0.01000000 0.01140000
v 0.01001900 0.02333300 0.01116300
v 0.01001900 0.02333300 0.01116300
v 0.01001900 0.02333300 0.01116300
v 0.01001900 0.02333300 0.01116300
v 0.01001900 0.02333300 0.01116300
v 0.01028400 0.01000000 0.01092000
v 0.01028400 0.01000000 0.01092000
v 0.01028400 0.01000000 0.01092000
v 0.01028400 0.01000000 0.01092000
v 0.01054300 0.02333300 0.01067000
v 0.01054300 0.02333300 0.01067000
v 0.01054300 0.02333300 0.01067000
v 0.01054300 0.02333300 0.01067000
v 0.01054300 0.02333300 0.01067000
v 0.01079600 0.01000000 0.01041400
v 0.01079600 0.01000000 0.01041400
v 0.01079600 0.01000000 0.01041400
v 0.01079600 0.01000000 0.01041400
v 0.01104200 0.02333300 0.01015200
v 0.01104200 0.02333300 0.01015200
v 0.01104200 0.02333300 0.01015200
v 0.01104200 0.02333300 0.01015200
v 0.01104200 0.02333300 0.01015200
v 0.01128300 0.01000000 0.00988500
v 0.01128300 0.01000000 0.00988500
v 0.01128300 0.01000000 0.00988500
v 0.01128300 0.01000000 0.00988500
v 0.01151600 0.02333300 0.00961100
v 0.01151600 0.02333300 0.00961100
v 0.01151600 0.02333300 0.00961100
v 0.01151600 0.02333300 0.00961100
v 0.01151600 0.02333300 0.00961100
v 0.01174300 0.01000000 0.00933200
v 0.01174300 0.01000000 0.00933200
v 0.01174300 0.01000000 0.00933200
v 0.01174300 0.01000000 0.00933200
v 0.01196400 0.02333300 0.00904800
v 0.01196400 0.02333300 0.00904800
v 0.01196400 0.02333300 0.00904800
v 0.01196400 0.02333300 0.00904800
v 0.01196400 0.02333300 0.00904800
v 0.01196400 0.02333300 0.00904800
v 0.01217700 0.01000000 0.00875800
v 0.01217700 0.01000000 0.00875800
v 0.01217700 0.01000000 0.00875800
v 0.01217700 0.01000000 0.00875800
v 0.01238400 0.02333300 0.00846400
v 0.01238400 0.02333300 0.00846400
v 0.01238400 0.02333300 0.00846400
v 0.01238400 0.02333300 0.00846400
v 0.01238400 0.02333300 0.00846400
v 0.01258300 0.01000000 0.00816500
v 0.01258300 0.01000000 0.00816500
v 0.01258300 0.01000000 0.00816500
v 0.01258300 0.01000000 0.00816500
v 0.01277500 0.02333300 0.00786000
v 0.01277500 0.02333300 0.00786000
v 0.01277500 0.02333300 0.00786000
v 0.01277500 0.02333300 0.00786000
v 0.01277500 0.02333300 0.00786000
v 0.01296000 0.01000000 0.00755200
v 0.01296000 0.01000000 0.00755200
v 0.01296000 0.01000000 0.00755200
v 0.01296000 0.01000000 0.00755200
v 0.01313800 0.02333300 0.00723900
v 0.01313800 0.02333300 0.00723900
v 0.01313800 0.02333300 0.00723900
v 0.01313800 0.02333300 0.00723900
v 0.01313800 0.02333300 0.00723900
v 0.01330700 0.01000000 0.00692200
v 0.01330700 0.01000000 0.00692200
v 0.01330700 0.01000000 0.00692200
v 0.01330700 0.01000000 0.00692200
v 0.01347000 0.02333300 0.00660100
v 0.01347000 0.02333300 0.00660100
v 0.01347000 0.02333300 0.00660100
v 0.01347000 0.02333300 0.00660100
v 0.01347000 0.02333300 0.00660100
v 0.01362400 0.01000000 0.00627600
v 0.01362400 0.01000000 0.00627600
v 0.01362400 0.01000000 0.00627600
v 0.01362400 0.01000000 0.00627600
v 0.01377100 0.02333300 0.00594700
v 0.01377100 0.02333300 0.00594700
v 0.01377100 0.02333300 0.00594700
v 0.01377100 0.02333300 0.00594700
v 0.01377100 0.02333300 0.00594700
v 0.01390900 0.01000000 0.00561500
v 0.01390900 0.01000000 0.00561500
v 0.01390900 0.01000000 0.00561500
v 0.01390900 0.01000000 0.00561500
v 0.01404000 0.02333300 0.00528000
v 0.01404000 0.02333300 0.00528000
v 0.01404000 0.02333300 0.00528000
v 0.01404000 0.02333300 0.00528000
v 0.01404000 0.02333300 0.00528000
v 0.01416200 0.01000000 0.00494200
v 0.01416200 0.01000000 0.00494200
v 0.01416200 0.01000000 0.00494200
v 0.01416200 0.01000000 0.00494200
v 0.01427700 0.02333300 0.00460100
v 0.01427700 0.02333300 0.00460100
v 0.01427700 0.02333300 0.00460100
v 0.01427700 0.02333300 0.00460100
v 0.01427700 0.02333300 0.00460100
v 0.01438300 0.01000000 0.00425700
v 0.01438300 0.01000000 0.00425700
v 0.01438300 0.01000000 0.00425700
v 0.01438300 0.01000000 0.00425700
v 0.01448100 0.02333300 0.00391100
v 0.01448100 0.02333300 0.00391100
v 0.01448100 0.02333300 0.00391100
v 0.01448100 0.02333300 0.00391100
v 0.01448100 0.02333300 0.00391100
v 0.01457100 0.01000000 0.00356300
v 0.01457100 0.01000000 0.00356300
v 0.01457100 0.01000000 0.00356300
v 0.01457100 0.01000000 0.00356300
v 0.01465200 0.02333300 0.00321200
v 0.01465200 0.02333300 0.00321200
v 0.01465200 0.02333300 0.00321200
v 0.01465200 0.02333300 0.00321200
v 0.01465200 0.02333300 0.00321200
v 0.01472500 0.01000000 0.00286000
v 0.01472500 0.01000000 0.00286000
v 0.01472500 0.01000000 0.00286000
v 0.01472500 0.01000000 0.00286000
v 0.01478900 0.02333300 0.00250600
v 0.01478900 0.02333300 0.00250600
v 0.01478900 0.02333300 0.00250600
v 0.01478900 0.02333300 0.00250600
v 0.01478900 0.02333300 0.00250600
v 0.01484500 0.01000000 0.00215100
v 0.01484500 0.01000000 0.00215100
v 0.01484500 0.01000000 0.00215100
v 0.01484500 0.01000000 0.00215100
v 0.01489200 0.02333300 0.00179400
v 0.01489200 0.02333300 0.00179400
v 0.01489200 0.02333300 0.00179400
v 0.01489200 0.02333300 0.00179400
v 0.01489200 0.02333300 0.00179400
v 0.01493100 0.01000000 0.00143700
v 0.01493100 0.01000000 0.00143700
v 0.01493100 0.01000000 0.00143700
v 0.01493100 0.01000000 0.00143700
v 0.01496100 0.02333300 0.00107800
v 0.01496100 0.02333300 0.00107800
v 0.01496100 0.02333300 0.00107800
v 0.01496100 0.02333300 0.00107800
v 0.01496100 0.02333300 0.00107800
v 0.01498300 0.05000000 -0.00071900
v 0.01498300 0.05000000 -0.00071900
v 0.01498300 0.05000000 -0.00071900
v 0.01498300 0.05000000 -0.00071900
v 0.01499600 0.03666700 -0.00036000
v 0.01499600 0.03666700 -0.00036000
v 0.01499600 0.03666700 -0.00036000
v 0.01499600 0.03666700 -0.00036000
v 0.01499600 0.03666700 -0.00036000
v 0.01499600 0.03666700 -0.00036000
v 0.01500000 0.05000000 0.00000000
v 0.01500000 0.05000000 0.00000000
v 0.01500000 0.05000000 0.00000000
v 0.01500000 0.05000000 0.00000000
v 0.01499600 0.03666700 0.00036000
v 0.01499600 0.03666700 0.00036000
v 0.01499600 0.03666700 0.00036000
v 0.01499600 0.03666700 0.00036000
v 0.01499600 0.03666700 0.00036000
v 0.01498300 0.05000000 0.00071900
v 0.01498300 0.05000000 0.00071900
v 0.01498300 0.05000000 0.00071900
v 0.01498300 0.05000000 0.00071900
v 0.01496100 0.03666700 0.00107800
v 0.01496100 0.03666700 0.00107800
v 0.01496100 0.03666700 0.00107800
v 0.01496100 0.03666700 0.00107800
v 0.01496100 0.03666700 0.00107800
v 0.01496100 0.03666700 0.00107800
v 0.01493100 0.05000000 0.00143700
v 0.01493100 0.05000000 0.00143700
v 0.01493100 0.05000000 0.00143700
v 0.01493100 0.05000000 0.00143700
v 0.01489200 0.03666700 0.00179400
v 0.01489200 0.03666700 0.00179400
v 0.01489200 0.03666700 0.00179400
v 0.01489200 0.03666700 0.00179400
v 0.01489200 0.03666700 0.00179400
v 0.01484500 0.05000000 0.00215100
v 0.01484500 0.05000000 0.00215100
v 0.01484500 0.05000000 0.00215100
v 0.01484500 0.05000000 0.00215100
v 0.01478900 0.03666700 0.00250600
v 0.01478900 0.03666700 0.00250600
v 0.01478900 0.03666700 0.00250600
v 0.01478900 0.03666700 0.00250600
v 0.01478900 0.03666700 0.00250600
v 0.01472500 0.05000000 0.00286000
v 0.01472500 0.05000000 0.00286000
v 0.01472500 0.05000000 0.00286000
v 0.01472500 0.05000000 0.00286000
v 0.01465200 0.03666700 0.00321200
v 0.01465200 0.03666700 0.00321200
v 0.01465200 0.03666700 0.00321200
v 0.01465200 0.03666700 0.00321200
v 0.01465200 0.03666700 0.00321200
v 0.01457100 0.05000000 0.00356300
v 0.01457100 0.05000000 0.00356300
v 0.01457100 0.05000000 0.00356300
v 0.01457100 0.05000000 0.00356300
v 0.01448100 0.03666700 0.00391100
v 0.01448100 0.03666700 0.00391100
v 0.01448100 0.03666700 0.00391100
v 0.01448100 0.03666700 0.00391100
v 0.01448100 0.03666700 0.00391100
v 0.01438300 0.05000000 0.00425700
v 0.01438300 0.05000000 0.00425700
v 0.01438300 0.05000000 0.00425700
v 0.01438300 0.05000000 0.00425700
v 0.01427700 0.03666700 0.00460100
v 0.01427700 0.03666700 0.00460100
v 0.01427700 0.03666700 0.00460100
v 0.01427700 0.03666700 0.00460100
v 0.01427700 0.03666700 0.00460100
v 0.01416200 0.05000000 0.00494200
v 0.01416200 0.05000000 0.00494200
v 0.01416200 0.05000000 0.00494200
v 0.01416200 0.05000000 0.00494200
v 0.01404000 0.03666700 0.00528000
v 0.01404000 0.03666700 0.00528000
v 0.01404000 0.03666700 0.00528000
v 0.01404000 0.03666700 0.00528000
v 0.01404000 0.03666700 0.00528000
v 0.01390900 0.05000000 0.00561500
v 0.01390900 0.05000000 0.00561500
v 0.01390900 0.05000000 0.00561500
v 0.01390900 0.05000000 0.00561500
v 0.01377100 0.03666700 0.00594700
v 0.01377100 0.03666700 0.00594700
v 0.01377100 0.03666700 0.00594700
v 0.01377100 0.03666700 0.00594700
v 0.01377100 0.03666700 0.00594700
v 0.01362400 0.05000000 0.00627600
v 0.01362400 0.05000000 0.00627600
v 0.01362400 0.05000000 0.00627600
v 0.01362400 0.05000000 0.00627600
v 0.01347000 0.03666700 0.00660100
v 0.01347000 0.03666700 0.00660100
v 0.01347000 0.03666700 0.00660100
v 0.01347000 0.03666700 0.00660100
v 0.01347000 0.03666700 0.00660100
v 0.01330700 0.05000000 0.00692200
v 0.01330700 0.05000000 0.00692200
v 0.01330700 0.05000000 0.00692200
v 0.01330700 0.05000000 0.00692200
v 0.01313800 0.03666700 0.00723900
v 0.01313800 0.03666700 0.00723900
v 0.01313800 0.03666700 0.00723900
v 0.01313800 0.03666700 0.00723900
v 0.01313800 0.03666700 0.00723900
v 0.01296000 0.05000000 0.00755200
v 0.01296000 0.05000000 0.00755200
v 0.01296000 0.05000000 0.00755200
v 0.01296000 0.05000000 0.00755200
v 0.01277500 0.03666700 0.00786000
v 0.01277500 0.03666700 0.00786000
v 0.01277500 0.03666700 0.00786000
v 0.01277500 0.03666700 0.00786000
v 0.01277500 0.03666700 0.00786000
v 0.01258300 0.05000000 0.00816500
v 0.01258300 0.05000000 0.00816500
v 0.01258300 0.05000000 0.00816500
v 0.01258300 0.05000000 0.00816500
v 0.01238400 0.03666700 0.00846400
v 0.01238400 0.03666700 0.00846400
v 0.01238400 0.03666700 0.00846400
v 0.01238400 0.03666700 0.00846400
v 0.01238400 0.03666700 0.00846400
v 0.01217700 0.05000000 0.00875800
v 0.01217700 0.05000000 0.00875800
v 0.01217700 0.05000000 0.00875800
v 0.01217700 0.05000000 0.00875800
v 0.01196400 0.03666700 0.00904800
v 0.01196400 0.03666700 0.00904800
v 0.01196400 0.03666700 0.00904800
v 0.01196400 0.03666700 0.00904800
v 0.01196400 0.03666700 0.00904800
v 0.01174300 0.05000000 0.00933200
v 0.01174300 0.05000000 0.00933200
v 0.01174300 0.05000000 0.00933200
v 0.01174300 0.05000000 0.00933200
v 0.01151600 0.03666700 0.00961100
v 0.01151600 0.03666700 0.00961100
v 0.01151600 0.03666700 0.00961100
v 0.01151600 0.03666700 0.00961100
v 0.01151600 0.03666700 0.00961100
v 0.01151600 0.03666700 0.00961100
v 0.01128300 0.05000000 0.00988500
v 0.01128300 0.05000000 0.00988500
v 0.01128300 0.05000000 0.00988500
v 0.01128300 0.05000000 0.00988500
v 0.01104200 0.03666700 0.01015200
v 0.01104200 0.03666700 0.01015200
v 0.01104200 0.03666700 0.01015200
v 0.01104200 0.03666700 0.01015200
v 0.01104200 0.03666700 0.01015200
v 0.01079600 0.05000000 0.01041400
v 0.01079600 0.05000000 0.01041400
v 0.01079600 0.05000000 0.01041400
v 0.01079600 0.05000000 0.01041400
v 0.01054300 0.03666700 0.01067000
v 0.01054300 0.03666700 0.01067000
v 0.01054300 0.03666700 0.01067000
v 0.01054300 0.03666700 0.01067000
v 0.01054300 0.03666700 0.01067000
v 0.01028400 0.05000000 0.01092000
v 0.01028400 0.05000000 0.01092000
v 0.01028400 0.05000000 0.01092000
v 0.01028400 0.05000000 0.01092000
v 0.01001900 0.03666700 0.01116300
v 0.01001900 0.03666700 0.01116300
v 0.01001900 0.03666700 0.01116300
v 0.01001900 0.03666700 0.01116300
v 0.01001900 0.03666700 0.01116300
v 0.00974900 0.05000000 0.01140000
v 0.00974900 0.05000000 0.01140000
v 0.00974900 0.05000000 0.01140000
v 0.00974900 0.05000000 0.01140000
v 0.00947200 0.03666700 0.01163100
v 0.00947200 0.03666700 0.01163100
v 0.00947200 0.03666700 0.01163100
v 0.00947200 0.03666700 0.01163100
v 0.00947200 0.03666700 0.01163100
v 0.00919100 0.05000000 0.01185500
v 0.00919100 0.05000000 0.01185500
v 0.00919100 0.05000000 0.01185500
v 0.00919100 0.05000000 0.01185500
v 0.00890400 0.03666700 0.01207200
v 0.00890400 0.03666700 0.01207200
v 0.00890400 0.03666700 0.01207200
v 0.00890400 0.03666700 0.01207200
v 0.00890400 0.03666700 0.01207200
v 0.00861200 0.05000000 0.01228200
v 0.00861200 0.05000000 0.01228200
v 0.00861200 0.05000000 0.01228200
v 0.00861200 0.05000000 0.01228200
v 0.00831500 0.03666700 0.01248500
v 0.00831500 0.03666700 0.01248500
v 0.00831500 0.03666700 0.01248500
v 0.00831500 0.03666700 0.01248500
v 0.00831500 0.03666700 0.01248500
v 0.00801300 0.05000000 0.01268000
v 0.00801300 0.05000000 0.01268000
v 0.00801300 0.05000000 0.01268000
v 0.00801300 0.05000000 0.01268000
v 0.00770700 0.03666700 0.01286900
v 0.00770700 0.03666700 0.01286900
v 0.00770700 0.03666700 0.01286900
v 0.00770700 0.03666700 0.01286900
v 0.00770700 0.03666700 0.01286900
v 0.00739600 0.05000000 0.01305000
v 0.00739600 0.05000000 0.01305000
v 0.00739600 0.05000000 0.01305000
v 0.00739600 0.05000000 0.01305000
v 0.00708100 0.03666700 0.01322400
v 0.00708100 0.03666700 0.01322400
v 0.00708100 0.03666700 0.01322400
v 0.00708100 0.03666700 0.01322400
v 0.00708100 0.03666700 0.01322400
v 0.00676200 0.05000000 0.01339000
v 0.00676200 0.05000000 0.01339000
v 0.00676200 0.05000000 0.01339000
v 0.00676200 0.05000000 0.01339000
v 0.00643900 0.03666700 0.01354800
v 0.00643900 0.03666700 0.01354800
v 0.00643900 0.03666700 0.01354800
v 0.00643900 0.03666700 0.01354800
v 0.00643900 0.03666700 0.01354800
v 0.00611200 0.05000000 0.01369800
v 0.00611200 0.05000000 0.01369800
v 0.00611200 0.05000000 0.01369800
v 0.00611200 0.05000000 0.01369800
v 0.00578200 0.03666700 0.01384100
v 0.00578200 0.03666700 0.01384100
v 0.00578200 0.03666700 0.01384100
v 0.00578200 0.03666700 0.01384100
v 0.00578200 0.03666700 0.01384100
v 0.00544800 0.05000000 0.01397600
v 0.00544800 0.05000000 0.01397600
v 0.00544800 0.05000000 0.01397600
v 0.00544800 0.05000000 0.01397600
v 0.00511200 0.03666700 0.01410200
v 0.00511200 0.03666700 0.01410200
v 0.00511200 0.03666700 0.01410200
v 0.00511200 0.03666700 0.01410200
v 0.00511200 0.03666700 0.01410200
v 0.00477200 0.05000000 0.01422100
v 0.00477200 0.05000000 0.01422100
v 0.00477200 0.05000000 0.01422100
v 0.00477200 0.05000000 0.01422100
v 0.00443000 0.03666700 0.01433100
v 0.00443000 0.03666700 0.01433100
v 0.00443000 0.03666700 0.01433100
v 0.00443000 0.03666700 0.01433100
v 0.00443000 0.03666700 0.01433100
v 0.00408500 0.05000000 0.01443300
v 0.00408500 0.05000000 0.01443300
v 0.00408500 0.05000000 0.01443300
v 0.00408500 0.05000000 0.01443300
v 0.00373700 0.03666700 0.01452700
v 0.00373700 0.03666700 0.01452700
v 0.00373700 0.03666700 0.01452700
v 0.00373700 0.03666700 0.01452700
v 0.00373700 0.03666700 0.01452700
v 0.00338800 0.05000000 0.01461200
v 0.00338800 0.05000000 0.01461200
v 0.00338800 0.05000000 0.01461200
v 0.00338800 0.05000000 0.01461200
v 0.00303700 0.03666700 0.01468900
v 0.00303700 0.03666700 0.01468900
v 0.00303700 0.03666700 0.01468900
v 0.00303700 0.03666700 0.01468900
v 0.00303700 0.03666700 0.01468900
v 0.00268300 0.05000000 0.01475800
v 0.00268300 0.05000000 0.01475800
v 0.00268300 0.05000000 0.01475800
v 0.00268300 0.05000000 0.01475800
v 0.00232900 0.03666700 0.01481800
v 0.00232900 0.03666700 0.01481800
v 0.00232900 0.03666700 0.01481800
v 0.00232900 0.03666700 0.01481800
v 0.00232900 0.03666700 0.01481800
v 0.00197300 0.05000000 0.01487000
v 0.00197300 0.05000000 0.01487000
v 0.00197300 0.05000000 0.01487000
v 0.00197300 0.05000000 0.01487000
v 0.00161600 0.03666700 0.01491300
v 0.00161600 0.03666700 0.01491300
v 0.00161600 0.03666700 0.01491300
v 0.00161600 0.03666700 0.01491300
v 0.00161600 0.03666700 0.01491300
v 0.00125800 0.05000000 0.01494700
v 0.00125800 0.05000000 0.01494700
v 0.00125800 0.05000000 0.01494700
v 0.00125800 0.05000000 0.01494700
v 0.00089900 0.03666700 0.01497300
v 0.00089900 0.03666700 0.01497300
v 0.00089900 0.03666700 0.01497300
v 0.00089900 0.03666700 0.01497300
v 0.00089900 0.03666700 0.01497300
v 0.00053900 0.05000000 0.01499000
v 0.00053900 0.05000000 0.01499000
v 0.00053900 0.05000000 0.01499000
v 0.00053900 0.05000000 0.01499000
v 0.00018000 0.03666700 0.01499900
v 0.00018000 0.03666700 0.01499900
v 0.00018000 0.03666700 0.01499900
v 0.00018000 0.03666700 0.01499900
v 0.00018000 0.03666700 0.01499900
v -0.00018000 0.05000000 0.01499900
v -0.00018000 0.05000000 0.01499900
v -0.00018000 0.05000000 0.01499900
v -0.00018000 0.05000000 0.01499900
v -0.00053900 0.03666700 0.01499000
v -0.00053900 0.03666700 0.01499000
v -0.00053900 0.03666700 0.01499000
v -0.00053900 0.03666700 0.01499000
v -0.00053900 0.03666700 0.01499000
v -0.00089900 0.05000000 0.01497300
v -0.00089900 0.05000000 0.01497300
v -0.00089900 0.05000000 0.01497300
v -0.00089900 0.05000000 0.01497300
v -0.00125800 0.03666700 0.01494700
v -0.00125800 0.03666700 0.01494700
v -0.00125800 0.03666700 0.01494700
v -0.00125800 0.03666700 0.01494700
v -0.00125800 0.03666700 0.01494700
v -0.00161600 0.05000000 0.01491300
v -0.00161600 0.05000000 0.01491300
v -0.00161600 0.05000000 0.01491300
v -0.00161600 0.05000000 0.01491300
v -0.00197300 0.03666700 0.01487000
v -0.00197300 0.03666700 0.01487000
v -0.00197300 0.03666700 0.01487000
v -0.00197300 0.03666700 0.01487000
v -0.00197300 0.03666700 0.01487000
v -0.00232900 0.05000000 0.01481800
v -0.00232900 0.05000000 0.01481800
v -0.00232900 0.05000000 0.01481800
v -0.00232900 0.05000000 0.01481800
v -0.00268300 0.03666700 0.01475800
v -0.00268300 0.03666700 0.01475800
v -0.00268300 0.03666700 0.01475800
v -0.00268300 0.03666700 0.01475800
v -0.00268300 0.03666700 0.01475800
v -0.00303700 0.05000000 0.01468900
v -0.00303700 0.05000000 0.01468900
v -0.00303700 0.05000000 0.01468900
v -0.00303700 0.05000000 0.01468900
v -0.00338800 0.03666700 0.01461200
v -0.00338800 0.03666700 0.01461200
v -0.00338800 0.03666700 0.01461200
v -0.00338800 0.03666700 0.01461200
v -0.00338800 0.03666700 0.01461200
v -0.00373700 0.05000000 0.01452700
v -0.00373700 0.05000000 0.01452700
v -0.00373700 0.05000000 0.01452700
v -0.00373700 0.05000000 0.01452700
v -0.00408500 0.03666700 0.01443300
v -0.00408500 0.03666700 0.01443300
v -0.00408500 0.03666700 0.01443300
v -0.00408500 0.03666700 0.01443300
v -0.00408500 0.03666700 0.01443300
v -0.00443000 0.05000000 0.01433100
v -0.00443000 0.05000000 0.01433100
v -0.00443000 0.05000000 0.01433100
v -0.00443000 0.05000000 0.01433100
v -0.00477200 0.03666700 0.01422100
v -0.00477200 0.03666700 0.01422100
v -0.00477200 0.03666700 0.01422100
v -0.00477200 0.03666700 0.01422100
v -0.00477200 0.03666700 0.01422100
v -0.00511200 0.05000000 0.01410200
v -0.00511200 0.05000000 0.01410200
v -0.00511200 0.05000000 0.01410200
v -0.00511200 0.05000000 0.01410200
v -0.00544800 0.03666700 0.01397600
v -0.00544800 0.03666700 0.01397600
v -0.00544800 0.03666700 0.01397600
v -0.00544800 0.03666700 0.01397600
v -0.00544800 0.03666700 0.01397600
v -0.00578200 0.05000000 0.01384100
v -0.00578200 0.05000000 0.01384100
v -0.00578200 0.05000000 0.01384100
v -0.00578200 0.05000000 0.01384100
v -0.00611200 0.03666700 0.01369800
v -0.00611200 0.03666700 0.01369800
v -0.00611200 0.03666700 0.01369800
v -0.00611200 0.03666700 0.01369800
v -0.00611200 0.03666700 0.01369800
v -0.00643900 0.05000000 0.01354800
v -0.00643900 0.05000000 0.01354800
v -0.00643900 0.05000000 0.01354800
v -0.00643900 0.05000000 0.01354800
v -0.00676200 0.03666700 0.01339000
v -0.00676200 0.03666700 0.01339000
v -0.00676200 0.03666700 0.01339000
v -0.00676200 0.03666700 0.01339000
v -0.00676200 0.03666700 0.01339000
v -0.00708100 0.05000000 0.01322400
v -0.00708100 0.05000000 0.01322400
v -0.00708100 0.05000000 0.01322400
v -0.00708100 0.05000000 0.01322400
v -0.00739600 0.03666700 0.01305000
v -0.00739600 0.03666700 0.01305000
v -0.00739600 0.03666700 0.01305000
v -0.00739600 0.03666700 0.01305000
v -0.00739600 0.03666700 0.01305000
v -0.00770700 0.05000000 0.01286900
v -0.00770700 0.05000000 0.01286900
v -0.00770700 0.05000000 0.01286900
v -0.00770700 0.05000000 0.01286900
v -0.00801300 0.03666700 0.01268000
v -0.00801300 0.03666700 0.01268000
v -0.00801300 0.03666700 0.01268000
v -0.00801300 0.03666700 0.01268000
v -0.00801300 0.03666700 0.01268000
v -0.00831500 0.05000000 0.01248500
v -0.00831500 0.05000000 0.01248500
v -0.00831500 0.05000000 0.01248500
v -0.00831500 0.05000000 0.01248500
v -0.00861200 0.03666700 0.01228200
v -0.00861200 0.03666700 0.01228200
v -0.00861200 0.03666700 0.01228200
v -0.00861200 0.03666700 0.01228200
v -0.00861200 0.03666700 0.01228200
v -0.00890400 0.05000000 0.01207200
v -0.00890400 0.05000000 0.01207200
v -0.00890400 0.05000000 0.01207200
v -0.00890400 0.05000000 0.01207200
v -0.00919100 0.03666700 0.01185500
v -0.00919100 0.03666700 0.01185500
v -0.00919100 0.03666700 0.01185500
v -0.00919100 0.03666700 0.01185500
v -0.00919100 0.03666700 0.01185500
v -0.00947200 0.05000000 0.01163100
v -0.00947200 0.05000000 0.01163100
v -0.00947200 0.05000000 0.01163100
v -0.00947200 0.05000000 0.01163100
v -0.00974900 0.03666700 0.01140000
v -0.00974900 0.03666700 0.01140000
v -0.00974900 0.03666700 0.01140000
v -0.00974900 0.03666700 0.01140000
v -0.00974900 0.03666700 0.01140000
v -0.01001900 0.05000000 0.01116300
v -0.01001900 0.05000000 0.01116300
v -0.01001900 0.05000000 0.01116300
v -0.01001900 0.05000000 0.01116300
v -0.01028400 0.03666700 0.01092000
v -0.01028400 0.03666700 0.01092000
v -0.01028400 0.03666700 0.01092000
v -0.01028400 0.03666700 0.01092000
v -0.01028400 0.03666700 0.01092000
v -0.01054300 0.05000000 0.01067000
v -0.01054300 0.05000000 0.01067000
v -0.01054300 0.05000000 0.01067000
v -0.01054300 0.05000000 0.01067000
v -0.01079600 0.03666700 0.01041400
v -0.01079600 0.03666700 0.01041400
v -0.01079600 0.03666700 0.01041400
v -0.01079600 0.03666700 0.01041400
v -0.01079600 0.03666700 0.01041400
v -0.01104200 0.05000000 0.01015200
v -0.01104200 0.05000000 0.01015200
v -0.01104200 0.05000000 0.01015200
v -0.01104200 0.05000000 0.01015200
v -0.01128300 0.03666700 0.00988500
v -0.01128300 0.03666700 0.00988500
v -0.01128300 0.03666700 0.00988500
v -0.01128300 0.03666700 0.00988500
v -0.01128300 0.03666700 0.00988500
v -0.01128300 0.03666700 0.00988500
v -0.01151600 0.05000000 0.00961100
v -0.01151600 0.05000000 0.00961100
v -0.01151600 0.05000000 0.00961100
v -0.01151600 0.05000000 0.00961100
v -0.01174300 0.03666700 0.00933200
v -0.01174300 0.03666700 0.00933200
v -0.01174300 0.03666700 0.00933200
v -0.01174300 0.03666700 0.00933200
v -0.01174300 0.03666700 0.00933200
v -0.01196400 0.05000000 0.00904800
v -0.01196400 0.05000000 0.00904800
v -0.01196400 0.05000000 0.00904800
v -0.01196400 0.05000000 0.00904800
v -0.01217700 0.03666700 0.00875800
v -0.01217700 0.03666700 0.00875800
v -0.01217700 0.03666700 0.00875800
v -0.01217700 0.03666700 0.00875800
v -0.01217700 0.03666700 0.00875800
v -0.01238400 0.05000000 0.00846400
v -0.01238400 0.05000000 0.00846400
v -0.01238400 0.05000000 0.00846400
v -0.01238400 0.05000000 0.00846400
v -0.01258300 0.03666700 0.00816500
v -0.01258300 0.03666700 0.00816500
v -0.01258300 0.03666700 0.00816500
v -0.01258300 0.03666700 0.00816500
v -0.01258300 0.03666700 0.00816500
v -0.01277500 0.05000000 0.00786000
v -0.01277500 0.05000000 0.00786000
v -0.01277500 0.05000000 0.00786000
v -0.01277500 0.05000000 0.00786000
v -0.01296000 0.03666700 0.00755200
v -0.01296000 0.03666700 0.00755200
v -0.01296000 0.03666700 0.00755200
v -0.01296000 0.03666700 0.00755200
v -0.01296000 0.03666700 0.00755200
v -0.01313800 0.05000000 0.00723900
v -0.01313800 0.05000000 0.00723900
v -0.01313800 0.05000000 0.00723900
v -0.01313800 0.05000000 0.00723900
v -0.01330700 0.03666700 0.00692200
v -0.01330700 0.03666700 0.00692200
v -0.01330700 0.03666700 0.00692200
v -0.01330700 0.03666700 0.00692200
v -0.01330700 0.03666700 0.00692200
v -0.01347000 0.05000000 0.00660100
v -0.01347000 0.05000000 0.00660100
v -0.01347000 0.05000000 0.00660100
v -0.01347000 0.05000000 0.00660100
v -0.01362400 0.03666700 0.00627600
v -0.01362400 0.03666700 0.00627600
v -0.01362400 0.03666700 0.00627600
v -0.01362400 0.03666700 0.00627600
v -0.01362400 0.03666700 0.00627600
v -0.01377100 0.05000000 0.00594700
v -0.01377100 0.05000000 0.00594700
v -0.01377100 0.05000000 0.00594700
v -0.01377100 0.05000000 0.00594700
v -0.01390900 0.03666700 0.00561500
v -0.01390900 0.03666700 0.00561500
v -0.01390900 0.03666700 0.00561500
v -0.01390900 0.03666700 0.00561500
v -0.01390900 0.03666700 0.00561500
v -0.01404000 0.05000000 0.00528000
v -0.01404000 0.05000000 0.00528000
v -0.01404000 0.05000000 0.00528000
v -0.01404000 0.05000000 0.00528000
v -0.01416200 0.03666700 0.00494200
v -0.01416200 0.03666700 0.00494200
v -0.01416200 0.03666700 0.00494200
v -0.01416200 0.03666700 0.00494200
v -0.01416200 0.03666700 0.00494200
v -0.01427700 0.05000000 0.00460100
v -0.01427700 0.05000000 0.00460100
v -0.01427700 0.05000000 0.00460100
v -0.01427700 0.05000000 0.00460100
v -0.01438300 0.03666700 0.00425700
v -0.01438300 0.03666700 0.00425700
v -0.01438300 0.03666700 0.00425700
v -0.01438300 0.03666700 0.00425700
v -0.01438300 0.03666700 0.00425700
v -0.01448100 0.05000000 0.00391100
v -0.01448100 0.05000000 0.00391100
v -0.01448100 0.05000000 0.00391100
v -0.01448100 0.05000000 0.00391100
v -0.01457100 0.03666700 0.00356300
v -0.01457100 0.03666700 0.00356300
v -0.01457100 0.03666700 0.00356300
v -0.01457100 0.03666700 0.00356300
v -0.01457100 0.03666700 0.00356300
v -0.01465200 0.05000000 0.00321200
v -0.01465200 0.05000000 0.00321200
v -0.01465200 0.05000000 0.00321200
v -0.01465200 0.05000000 0.00321200
v -0.01472500 0.03666700 0.00286000
v -0.01472500 0.03666700 0.00286000
v -0.01472500 0.03666700 0.00286000
v -0.01472500 0.03666700 0.00286000
v -0.01472500 0.03666700 0.00286000
v -0.01478900 0.05000000 0.00250600
v -0.01478900 0.05000000 0.00250600
v -0.01478900 0.05000000 0.00250600
v -0.01478900 0.05000000 0.00250600
v -0.01484500 0.03666700 0.00215100
v -0.01484500 0.03666700 0.00215100
v -0.01484500 0.03666700 0.00215100
v -0.01484500 0.03666700 0.00215100
v -0.01484500 0.03666700 0.00215100
v -0.01489200 0.05000000 0.00179400
v -0.01489200 0.05000000 0.00179400
v -0.01489200 0.05000000 0.00179400
v -0.01489200 0.05000000 0.00179400
v -0.01493100 0.03666700 0.00143700
v -0.01493100 0.03666700 0.00143700
v -0.01493100 0.03666700 0.00143700
v -0.01493100 0.03666700 0.00143700
v -0.01493100 0.03666700 0.00143700
v -0.01496100 0.05000000 0.00107800
v -0.01496100 0.05000000 0.00107800
v -0.01496100 0.05000000 0.00107800
v -0.01496100 0.05000000 0.00107800
v -0.01498300 0.03666700 0.00071900
v -0.01498300 0.03666700 0.00071900
v -0.01498300 0.03666700 0.00071900
v -0.01498300 0.03666700 0.00071900
v -0.01498300 0.03666700 0.00071900
v -0.01499600 0.05000000 0.00036000
v -0.01499600 0.05000000 0.00036000
v -0.01499600 0.05000000 0.00036000
v -0.01499600 0.05000000 0.00036000
v -0.01500000 0.03666700 -0.00000000
v -0.01500000 0.03666700 -0.00000000
v -0.01500000 0.03666700 -0.00000000
v -0.01500000 0.03666700 -0.00000000
v -0.01500000 0.03666700 -0.00000000
v -0.01499600 0.05000000 -0.00036000
v -0.01499600 0.05000000 -0.00036000
v -0.01499600 0.05000000 -0.00036000
v -0.01499600 0.05000000 -0.00036000
v -0.01498300 0.03666700 -0.00071900
v -0.01498300 0.03666700 -0.00071900
v -0.01498300 0.03666700 -0.00071900
v -0.01498300 0.03666700 -0.00071900
v -0.01498300 0.03666700 -0.00071900
v -0.01496100 0.05000000 -0.00107800
v -0.01496100 0.05000000 -0.00107800
v -0.01496100 0.05000000 -0.00107800
v -0.01496100 0.05000000 -0.00107800
v -0.01493100 0.03666700 -0.00143700
v -0.01493100 0.03666700 -0.00143700
v -0.01493100 0.03666700 -0.00143700
v -0.01493100 0.03666700 -0.00143700
v -0.01493100 0.03666700 -0.00143700
v -0.01489200 0.05000000 -0.00179400
v -0.01489200 0.05000000 -0.00179400
v -0.01489200 0.05000000 -0.00179400
v -0.01489200 0.05000000 -0.00179400
v -0.01484500 0.03666700 -0.00215100
v -0.01484500 0.03666700 -0.00215100
v -0.01484500 0.03666700 -0.00215100
v -0.01484500 0.03666700 -0.00215100
v -0.01484500 0.03666700 -0.00215100
v -0.01478900 0.05000000 -0.00250600
v -0.01478900 0.05000000 -0.00250600
v -0.01478900 0.05000000 -0.00250600
v -0.01478900 0.05000000 -0.00250600
v -0.01472500 0.03666700 -0.00286000
v -0.01472500 0.03666700 -0.00286000
v -0.01472500 0.03666700 -0.00286000
v -0.01472500 0.03666700 -0.00286000
v -0.01472500 0.03666700 -0.00286000
v -0.01465200 0.05000000 -0.00321200
v -0.01465200 0.05000000 -0.00321200
v -0.01465200 0.05000000 -0.00321200
v -0.01465200 0.05000000 -0.00321200
v -0.01457100 0.03666700 -0.00356300
v -0.01457100 0.03666700 -0.00356300
v -0.01457100 0.03666700 -0.00356300
v -0.01457100 0.03666700 -0.00356300
v -0.01457100 0.03666700 -0.00356300
v -0.01448100 0.05000000 -0.00391100
v -0.01448100 0.05000000 -0.00391100
v -0.01448100 0.05000000 -0.00391100
v -0.01448100 0.05000000 -0.00391100
v -0.01438300 0.03666700 -0.00425700
v -0.01438300 0.03666700 -0.00425700
v -0.01438300 0.03666700 -0.00425700
v -0.01438300 0.03666700 -0.00425700
v -0.01438300 0.03666700 -0.00425700
v -0.01427700 0.05000000 -0.00460100
v -0.01427700 0.05000000 -0.00460100
v -0.01427700 0.05000000 -0.00460100
v -0.01427700 0.05000000 -0.00460100
v -0.01416200 0.03666700 -0.00494200
v -0.01416200 0.03666700 -0.00494200
v -0.01416200 0.03666700 -0.00494200
v -0.01416200 0.03666700 -0.00494200
v -0.01416200 0.03666700 -0.00494200
v -0.01404000 0.05000000 -0.00528000
v -0.01404000 0.05000000 -0.00528000
v -0.01404000 0.05000000 -0.00528000
v -0.01404000 0.05000000 -0.00528000
v -0.01390900 0.03666700 -0.00561500
v -0.01390900 0.03666700 -0.00561500
v -0.01390900 0.03666700 -0.00561500
v -0.01390900 0.03666700 -0.00561500
v -0.01390900 0.03666700 -0.00561500
v -0.01377100 0.05000000 -0.00594700
v -0.01377100 0.05000000 -0.00594700
v -0.01377100 0.05000000 -0.00594700
v -0.01377100 0.05000000 -0.00594700
v -0.01362400 0.03666700 -0.00627600
v -0.01362400 0.03666700 -0.00627600
v -0.01362400 0.03666700 -0.00627600
v -0.01362400 0.03666700 -0.00627600
v -0.01362400 0.03666700 -0.00627600
v -0.01347000 0.05000000 -0.00660100
v -0.01347000 0.05000000 -0.00660100
v -0.01347000 0.05000000 -0.00660100
v -0.01347000 0.05000000 -0.00660100
v -0.01330700 0.03666700 -0.00692200
v -0.01330700 0.03666700 -0.00692200
v -0.01330700 0.03666700 -0.00692200
v -0.01330700 0.03666700 -0.00692200
v -0.01330700 0.03666700 -0.00692200
v -0.01313800 0.05000000 -0.00723900
v -0.01313800 0.05000000 -0.00723900
v -0.01313800 0.05000000 -0.00723900
v -0.01313800 0.05000000 -0.00723900
v -0.01296000 0.03666700 -0.00755200
v -0.01296000 0.03666700 -0.00755200
v -0.01296000 0.03666700 -0.00755200
v -0.01296000 0.03666700 -0.00755200
v -0.01296000 0.03666700 -0.00755200
v -0.01277500 0.05000000 -0.00786000
v -0.01277500 0.05000000 -0.00786000
v -0.01277500 0.05000000 -0.00786000
v -0.01277500 0.05000000 -0.00786000
v -0.01258300 0.03666700 -0.00816500
v -0.01258300 0.03666700 -0.00816500
v -0.01258300 0.03666700 -0.00816500
v -0.01258300 0.03666700 -0.00816500
v -0.01258300 0.03666700 -0.00816500
v -0.01238400 0.05000000 -0.00846400
v -0.01238400 0.05000000 -0.00846400
v -0.01238400 0.05000000 -0.00846400
v -0.01238400 0.05000000 -0.00846400
v -0.01217700 0.03666700 -0.00875800
v -0.01217700 0.03666700 -0.00875800
v -0.01217700 0.03666700 -0.00875800
v -0.01217700 0.03666700 -0.00875800
v -0.01217700 0.03666700 -0.00875800
v -0.01196400 0.05000000 -0.00904800
v -0.01196400 0.05000000 -0.00904800
v -0.01196400 0.05000000 -0.00904800
v -0.01196400 0.05000000 -0.00904800
v -0.01174300 0.03666700 -0.00933200
v -0.01174300 0.03666700 -0.00933200
v -0.01174300 0.03666700 -0.00933200
v -0.01174300 0.03666700 -0.00933200
v -0.01174300 0.03666700 -0.00933200
v -0.01151600 0.05000000 -0.00961100
v -0.01151600 0.05000000 -0.00961100
v -0.01151600 0.05000000 -0.00961100
v -0.01151600 0.05000000 -0.00961100
v -0.01128300 0.03666700 -0.00988500
v -0.01128300 0.03666700 -0.00988500
v -0.01128300 0.03666700 -0.00988500
v -0.01128300 0.03666700 -0.00988500
v -0.01128300 0.03666700 -0.00988500
v -0.01104200 0.05000000 -0.01015200
v -0.01104200 0.05000000 -0.01015200
v -0.01104200 0.05000000 -0.01015200
v -0.01104200 0.05000000 -0.01015200
v -0.01079600 0.03666700 -0.01041400
v -0.01079600 0.03666700 -0.01041400
v -0.01079600 0.03666700 -0.01041400
v -0.01079600 0.03666700 -0.01041400
v -0.01079600 0.03666700 -0.01041400
v -0.01079600 0.03666700 -0.01041400
v -0.01054300 0.05000000 -0.01067000
v -0.01054300 0.05000000 -0.01067000
v -0.01054300 0.05000000 -0.01067000
v -0.01054300 0.05000000 -0.01067000
v -0.01028400 0.03666700 -0.01092000
v -0.01028400 0.03666700 -0.01092000
v -0.01028400 0.03666700 -0.01092000
v -0.01028400 0.03666700 -0.01092000
v -0.01028400 0.03666700 -0.01092000
v -0.01001900 0.05000000 -0.01116300
v -0.01001900 0.05000000 -0.01116300
v -0.01001900 0.05000000 -0.01116300
v -0.01001900 0.05000000 -0.01116300
v -0.00974900 0.03666700 -0.01140000
v -0.00974900 0.03666700 -0.01140000
v -0.00974900 0.03666700 -0.01140000
v -0.00974900 0.03666700 -0.01140000
v -0.00974900 0.03666700 -0.01140000
v -0.00947200 0.05000000 -0.01163100
v -0.00947200 0.05000000 -0.01163100
v -0.00947200 0.05000000 -0.01163100
v -0.00947200 0.05000000 -0.01163100
v -0.00919100 0.03666700 -0.01185500
v -0.00919100 0.03666700 -0.01185500
v -0.00919100 0.03666700 -0.01185500
v -0.00919100 0.03666700 -0.01185500
v -0.00919100 0.03666700 -0.01185500
v -0.00890400 0.05000000 -0.01207200
v -0.00890400 0.05000000 -0.01207200
v -0.00890400 0.05000000 -0.01207200
v -0.00890400 0.05000000 -0.01207200
v -0.00861200 0.03666700 -0.01228200
v -0.00861200 0.03666700 -0.01228200
v -0.00861200 0.03666700 -0.01228200
v -0.00861200 0.03666700 -0.01228200
v -0.00861200 0.03666700 -0.01228200
v -0.00831500 0.05000000 -0.01248500
v -0.00831500 0.05000000 -0.01248500
v -0.00831500 0.05000000 -0.01248500
v -0.00831500 0.05000000 -0.01248500
v -0.00801300 0.03666700 -0.01268000
v -0.00801300 0.03666700 -0.01268000
v -0.00801300 0.03666700 -0.01268000
v -0.00801300 0.03666700 -0.01268000
v -0.00801300 0.03666700 -0.01268000
v -0.00770700 0.05000000 -0.01286900
v -0.00770700 0.05000000 -0.01286900
v -0.00770700 0.05000000 -0.01286900
v -0.00770700 0.05000000 -0.01286900
v -0.00739600 0.03666700 -0.01305000
v -0.00739600 0.03666700 -0.01305000
v -0.00739600 0.03666700 -0.01305000
v -0.00739600 0.03666700 -0.01305000
v -0.00739600 0.03666700 -0.01305000
v -0.00708100 0.05000000 -0.01322400
v -0.00708100 0.05000000 -0.01322400
v -0.00708100 0.05000000 -0.01322400
v -0.00708100 0.05000000 -0.01322400
v -0.00676200 0.03666700 -0.01339000
v -0.00676200 0.03666700 -0.01339000
v -0.00676200 0.03666700 -0.01339000
v -0.00676200 0.03666700 -0.01339000
v -0.00676200 0.03666700 -0.01339000
v -0.00643900 0.05000000 -0.01354800
v -0.00643900 0.05000000 -0.01354800
v -0.00643900 0.05000000 -0.01354800
v -0.00643900 0.05000000 -0.01354800
v -0.00611200 0.03666700 -0.01369800
v -0.00611200 0.03666700 -0.01369800
v -0.00611200 0.03666700 -0.01369800
v -0.00611200 0.03666700 -0.01369800
v -0.00611200 0.03666700 -0.01369800
v -0.00578200 0.05000000 -0.01384100
v -0.00578200 0.05000000 -0.01384100
v -0.00578200 0.05000000 -0.01384100
v -0.00578200 0.05000000 -0.01384100
v -0.00544800 0.03666700 -0.01397600
v -0.00544800 0.03666700 -0.01397600
v -0.00544800 0.03666700 -0.01397600
v -0.00544800 0.03666700 -0.01397600
v -0.00544800 0.03666700 -0.01397600
v -0.00511200 0.05000000 -0.01410200
v -0.00511200 0.05000000 -0.01410200
v -0.00511200 0.05000000 -0.01410200
v -0.00511200 0.05000000 -0.01410200
v -0.00477200 0.03666700 -0.01422100
v -0.00477200 0.03666700 -0.01422100
v -0.00477200 0.03666700 -0.01422100
v -0.00477200 0.03666700 -0.01422100
v -0.00477200 0.03666700 -0.01422100
v -0.00443000 0.05000000 -0.01433100
v -0.00443000 0.05000000 -0.01433100
v -0.00443000 0.05000000 -0.01433100
v -0.00443000 0.05000000 -0.01433100
v -0.00408500 0.03666700 -0.01443300
v -0.00408500 0.03666700 -0.01443300
v -0.00408500 0.03666700 -0.01443300
v -0.00408500 0.03666700 -0.01443300
v -0.00408500 0.03666700 -0.01443300
v -0.00373700 0.05000000 -0.01452700
v -0.00373700 0.05000000 -0.01452700
v -0.00373700 0.05000000 -0.01452700
v -0.00373700 0.05000000 -0.01452700
v -0.00338800 0.03666700 -0.01461200
v -0.00338800 0.03666700 -0.01461200
v -0.00338800 0.03666700 -0.01461200
v -0.00338800 0.03666700 -0.01461200
v -0.00338800 0.03666700 -0.01461200
v -0.00303700 0.05000000 -0.01468900
v -0.00303700 0.05000000 -0.01468900
v -0.00303700 0.05000000 -0.01468900
v -0.00303700 0.05000000 -0.01468900
v -0.00268300 0.03666700 -0.01475800
v -0.00268300 0.03666700 -0.01475800
v -0.00268300 0.03666700 -0.01475800
v -0.00268300 0.03666700 -0.01475800
v -0.00268300 0.03666700 -0.01475800
v -0.00232900 0.05000000 -0.01481800
v -0.00232900 0.05000000 -0.01481800
v -0.00232900 0.05000000 -0.01481800
v -0.00232900 0.05000000 -0.01481800
v -0.00197300 0.03666700 -0.01487000
v -0.00197300 0.03666700 -0.01487000
v -0.00197300 0.03666700 -0.01487000
v -0.00197300 0.03666700 -0.01487000
v -0.00197300 0.03666700 -0.01487000
v -0.00161600 0.05000000 -0.01491300
v -0.00161600 0.05000000 -0.01491300
v -0.00161600 0.05000000 -0.01491300
v -0.00161600 0.05000000 -0.01491300
v -0.00125800 0.03666700 -0.01494700
v -0.00125800 0.03666700 -0.01494700
v -0.00125800 0.03666700 -0.01494700
v -0.00125800 0.03666700 -0.01494700
v -0.00125800 0.03666700 -0.01494700
v -0.00089900 0.05000000 -0.01497300
v -0.00089900 0.05000000 -0.01497300
v -0.00089900 0.05000000 -0.01497300
v -0.00089900 0.05000000 -0.01497300
v -0.00053900 0.03666700 -0.01499000
v -0.00053900 0.03666700 -0.01499000
v -0.00053900 0.03666700 -0.01499000
v -0.00053900 0.03666700 -0.01499000
v -0.00053900 0.03666700 -0.01499000
v -0.00018000 0.05000000 -0.01499900
v -0.00018000 0.05000000 -0.01499900
v -0.00018000 0.05000000 -0.01499900
v -0.00018000 0.05000000 -0.01499900
v 0.00018000 0.03666700 -0.01499900
v 0.00018000 0.03666700 -0.01499900
v 0.00018000 0.03666700 -0.01499900
v 0.00018000 0.03666700 -0.01499900
v 0.00018000 0.03666700 -0.01499900
v 0.00053900 0.05000000 -0.01499000
v 0.00053900 0.05000000 -0.01499000
v 0.00053900 0.05000000 -0.01499000
v 0.00053900 0.05000000 -0.01499000
v 0.00089900 0.03666700 -0.01497300
v 0.00089900 0.03666700 -0.01497300
v 0.00089900 0.03666700 -0.01497300
v 0.00089900 0.03666700 -0.01497300
v 0.00089900 0.03666700 -0.01497300
v 0.00125800 0.05000000 -0.01494700
v 0.00125800 0.05000000 -0.01494700
v 0.00125800 0.05000000 -0.01494700
v 0.00125800 0.05000000 -0.01494700
v 0.00161600 0.03666700 -0.01491300
v 0.00161600 0.03666700 -0.01491300
v 0.00161600 0.03666700 -0.01491300
v 0.00161600 0.03666700 -0.01491300
v 0.00161600 0.03666700 -0.01491300
v 0.00197300 0.05000000 -0.01487000
v 0.00197300 0.05000000 -0.01487000
v 0.00197300 0.05000000 -0.01487000
v 0.00197300 0.05000000 -0.01487000
v 0.00232900 0.03666700 -0.01481800
v 0.00232900 0.03666700 -0.01481800
v 0.00232900 0.03666700 -0.01481800
v 0.00232900 0.03666700 -0.01481800
v 0.00232900 0.03666700 -0.01481800
v 0.00268300 0.05000000 -0.01475800
v 0.00268300 0.05000000 -0.01475800
v 0.00268300 0.05000000 -0.01475800
v 0.00268300 0.05000000 -0.01475800
v 0.00303700 0.03666700 -0.01468900
v 0.00303700 0.03666700 -0.01468900
v 0.00303700 0.03666700 -0.01468900
v 0.00303700 0.03666700 -0.01468900
v 0.00303700 0.03666700 -0.01468900
v 0.00338800 0.05000000 -0.01461200
v 0.00338800 0.05000000 -0.01461200
v 0.00338800 0.05000000 -0.01461200
v 0.00338800 0.05000000 -0.01461200
v 0.00373700 0.03666700 -0.01452700
v 0.00373700 0.03666700 -0.01452700
v 0.00373700 0.03666700 -0.01452700
v 0.00373700 0.03666700 -0.01452700
v 0.00373700 0.03666700 -0.01452700
v 0.00408500 0.05000000 -0.01443300
v 0.00408500 0.05000000 -0.01443300
v 0.00408500 0.05000000 -0.01443300
v 0.00408500 0.05000000 -0.01443300
v 0.00443000 0.03666700 -0.01433100
v 0.00443000 0.03666700 -0.01433100
v 0.00443000 0.03666700 -0.01433100
v 0.00443000 0.03666700 -0.01433100
v 0.00443000 0.03666700 -0.01433100
v 0.00477200 0.05000000 -0.01422100
v 0.00477200 0.05000000 -0.01422100
v 0.00477200 0.05000000 -0.01422100
v 0.00477200 0.05000000 -0.01422100
v 0.00511200 0.03666700 -0.01410200
v 0.00511200 0.03666700 -0.01410200
v 0.00511200 0.03666700 -0.01410200
v 0.00511200 0.03666700 -0.01410200
v 0.00511200 0.03666700 -0.01410200
v 0.00544800 0.05000000 -0.01397600
v 0.00544800 0.05000000 -0.01397600
v 0.00544800 0.05000000 -0.01397600
v 0.00544800 0.05000000 -0.01397600
v 0.00578200 0.03666700 -0.01384100
v 0.00578200 0.03666700 -0.01384100
v 0.00578200 0.03666700 -0.01384100
v 0.00578200 0.03666700 -0.01384100
v 0.00578200 0.03666700 -0.01384100
v 0.00611200 0.05000000 -0.01369800
v 0.00611200 0.05000000 -0.01369800
v 0.00611200 0.05000000 -0.01369800
v 0.00611200 0.05000000 -0.01369800
v 0.00643900 0.03666700 -0.01354800
v 0.00643900 0.03666700 -0.01354800
v 0.00643900 0.03666700 -0.01354800
v 0.00643900 0.03666700 -0.01354800
v 0.00643900 0.03666700 -0.01354800
v 0.00676200 0.05000000 -0.01339000
v 0.00676200 0.05000000 -0.01339000
v 0.00676200 0.05000000 -0.01339000
v 0.00676200 0.05000000 -0.01339000
v 0.00708100 0.03666700 -0.01322400
v 0.00708100 0.03666700 -0.01322400
v 0.00708100 0.03666700 -0.01322400
v 0.00708100 0.03666700 -0.01322400
v 0.00708100 0.03666700 -0.01322400
v 0.00739600 0.05000000 -0.01305000
v 0.00739600 0.05000000 -0.01305000
v 0.00739600 0.05000000 -0.01305000
v 0.00739600 0.05000000 -0.01305000
v 0.00770700 0.03666700 -0.01286900
v 0.00770700 0.03666700 -0.01286900
v 0.00770700 0.03666700 -0.01286900
v 0.00770700 0.03666700 -0.01286900
v 0.00770700 0.03666700 -0.01286900
v 0.00801300 0.05000000 -0.01268000
v 0.00801300 0.05000000 -0.01268000
v 0.00801300 0.05000000 -0.01268000
v 0.00801300 0.05000000 -0.01268000
v 0.00831500 0.03666700 -0.01248500
v 0.00831500 0.03666700 -0.01248500
v 0.00831500 0.03666700 -0.01248500
v 0.00831500 0.03666700 -0.01248500
v 0.00831500 0.03666700 -0.01248500
v 0.00861200 0.05000000 -0.01228200
v 0.00861200 0.05000000 -0.01228200
v 0.00861200 0.05000000 -0.01228200
v 0.00861200 0.05000000 -0.01228200
v 0.00890400 0.03666700 -0.01207200
v 0.00890400 0.03666700 -0.01207200
v 0.00890400 0.03666700 -0.01207200
v 0.00890400 0.03666700 -0.01207200
v 0.00890400 0.03666700 -0.01207200
v 0.00919100 0.05000000 -0.01185500
v 0.00919100 0.05000000 -0.01185500
v 0.00919100 0.05000000 -0.01185500
v 0.00919100 0.05000000 -0.01185500
v 0.00947200 0.03666700 -0.01163100
v 0.00947200 0.03666700 -0.01163100
v 0.00947200 0.03666700 -0.01163100
v 0.00947200 0.03666700 -0.01163100
v 0.00947200 0.03666700 -0.01163100
v 0.00974900 0.05000000 -0.01140000
v 0.00974900 0.05000000 -0.01140000
v 0.00974900 0.05000000 -0.01140000
v 0.00974900 0.05000000 -0.01140000
v 0.01001900 0.03666700 -0.01116300
v 0.01001900 0.03666700 -0.01116300
v 0.01001900 0.03666700 -0.01116300
v 0.01001900 0.03666700 -0.01116300
v 0.01001900 0.03666700 -0.01116300
v 0.01028400 0.05000000 -0.01092000
v 0.01028400 0.05000000 -0.01092000
v 0.01028400 0.05000000 -0.01092000
v 0.01028400 0.05000000 -0.01092000
v 0.01054300 0.03666700 -0.01067000
v 0.01054300 0.03666700 -0.01067000
v 0.01054300 0.03666700 -0.01067000
v 0.01054300 0.03666700 -0.01067000
v 0.01054300 0.03666700 -0.01067000
v 0.01079600 0.05000000 -0.01041400
v 0.01079600 0.05000000 -0.01041400
v 0.01079600 0.05000000 -0.01041400
v 0.01079600 0.05000000 -0.01041400
v 0.01104200 0.03666700 -0.01015200
v 0.01104200 0.03666700 -0.01015200
v 0.01104200 0.03666700 -0.01015200
v 0.01104200 0.03666700 -0.01015200
v 0.01104200 0.03666700 -0.01015200
v 0.01128300 0.05000000 -0.00988500
v 0.01128300 0.05000000 -0.00988500
v 0.01128300 0.05000000 -0.00988500
v 0.01128300 0.05000000 -0.00988500
v 0.01151600 0.03666700 -0.00961100
v 0.01151600 0.03666700 -0.00961100
v 0.01151600 0.03666700 -0.00961100
v 0.01151600 0.03666700 -0.00961100
v 0.01151600 0.03666700 -0.00961100
v 0.01174300 0.05000000 -0.00933200
v 0.01174300 0.05000000 -0.00933200
v 0.01174300 0.05000000 -0.00933200
v 0.01174300 0.05000000 -0.00933200
v 0.01196400 0.03666700 -0.00904800
v 0.01196400 0.03666700 -0.00904800
v 0.01196400 0.03666700 -0.00904800
v 0.01196400 0.03666700 -0.00904800
v 0.01196400 0.03666700 -0.00904800
v 0.01196400 0.03666700 -0.00904800
v 0.01217700 0.05000000 -0.00875800
v 0.01217700 0.05000000 -0.00875800
v 0.01217700 0.05000000 -0.00875800
v 0.01217700 0.05000000 -0.00875800
v 0.01238400 0.03666700 -0.00846400
v 0.01238400 0.03666700 -0.00846400
v 0.01238400 0.03666700 -0.00846400
v 0.01238400 0.03666700 -0.00846400
v 0.01238400 0.03666700 -0.00846400
v 0.01258300 0.05000000 -0.00816500
v 0.01258300 0.05000000 -0.00816500
v 0.01258300 0.05000000 -0.00816500
v 0.01258300 0.05000000 -0.00816500
v 0.01277500 0.03666700 -0.00786000
v 0.01277500 0.03666700 -0.00786000
v 0.01277500 0.03666700 -0.00786000
v 0.01277500 0.03666700 -0.00786000
v 0.01277500 0.03666700 -0.00786000
v 0.01296000 0.05000000 -0.00755200
v 0.01296000 0.05000000 -0.00755200
v 0.01296000 0.05000000 -0.00755200
v 0.01296000 0.05000000 -0.00755200
v 0.01313800 0.03666700 -0.00723900
v 0.01313800 0.03666700 -0.00723900
v 0.01313800 0.03666700 -0.00723900
v 0.01313800 0.03666700 -0.00723900
v 0.01313800 0.03666700 -0.00723900
v 0.01330700 0.05000000 -0.00692200
v 0.01330700 0.05000000 -0.00692200
v 0.01330700 0.05000000 -0.00692200
v 0.01330700 0.05000000 -0.00692200
v 0.01347000 0.03666700 -0.00660100
v 0.01347000 0.03666700 -0.00660100
v 0.01347000 0.03666700 -0.00660100
v 0.01347000 0.03666700 -0.00660100
v 0.01347000 0.03666700 -0.00660100
v 0.01362400 0.05000000 -0.00627600
v 0.01362400 0.05000000 -0.00627600
v 0.01362400 0.05000000 -0.00627600
v 0.01362400 0.05000000 -0.00627600
v 0.01377100 0.03666700 -0.00594700
v 0.01377100 0.03666700 -0.00594700
v 0.01377100 0.03666700 -0.00594700
v 0.01377100 0.03666700 -0.00594700
v 0.01377100 0.03666700 -0.00594700
v 0.01390900 0.05000000 -0.00561500
v 0.01390900 0.05000000 -0.00561500
v 0.01390900 0.05000000 -0.00561500
v 0.01390900 0.05000000 -0.00561500
v 0.01404000 0.03666700 -0.00528000
v 0.01404000 0.03666700 -0.00528000
v 0.01404000 0.03666700 -0.00528000
v 0.01404000 0.03666700 -0.00528000
v 0.01404000 0.03666700 -0.00528000
v 0.01416200 0.05000000 -0.00494200
v 0.01416200 0.05000000 -0.00494200
v 0.01416200 0.05000000 -0.00494200
v 0.01416200 0.05000000 -0.00494200
v 0.01427700 0.03666700 -0.00460100
v 0.01427700 0.03666700 -0.00460100
v 0.01427700 0.03666700 -0.00460100
v 0.01427700 0.03666700 -0.00460100
v 0.01427700 0.03666700 -0.00460100
v 0.01438300 0.05000000 -0.00425700
v 0.01438300 0.05000000 -0.00425700
v 0.01438300 0.05000000 -0.00425700
v 0.01438300 0.05000000 -0.00425700
v 0.01448100 0.03666700 -0.00391100
v 0.01448100 0.03666700 -0.00391100
v 0.01448100 0.03666700 -0.00391100
v 0.01448100 0.03666700 -0.00391100
v 0.01448100 0.03666700 -0.00391100
v 0.01457100 0.05000000 -0.00356300
v 0.01457100 0.05000000 -0.00356300
v 0.01457100 0.05000000 -0.00356300
v 0.01457100 0.05000000 -0.00356300
v 0.01465200 0.03666700 -0.00321200
v 0.01465200 0.03666700 -0.00321200
v 0.01465200 0.03666700 -0.00321200
v 0.01465200 0.03666700 -0.00321200
v 0.01465200 0.03666700 -0.00321200
v 0.01472500 0.05000000 -0.00286000
v 0.01472500 0.05000000 -0.00286000
v 0.01472500 0.05000000 -0.00286000
v 0.01472500 0.05000000 -0.00286000
v 0.01478900 0.03666700 -0.00250600
v 0.01478900 0.03666700 -0.00250600
v 0.01478900 0.03666700 -0.00250600
v 0.01478900 0.03666700 -0.00250600
v 0.01478900 0.03666700 -0.00250600
v 0.01484500 0.05000000 -0.00215100
v 0.01484500 0.05000000 -0.00215100
v 0.01484500 0.05000000 -0.00215100
v 0.01484500 0.05000000 -0.00215100
v 0.01489200 0.03666700 -0.00179400
v 0.01489200 0.03666700 -0.00179400
v 0.01489200 0.03666700 -0.00179400
v 0.01489200 0.03666700 -0.00179400
v 0.01489200 0.03666700 -0.00179400
v 0.01493100 0.05000000 -0.00143700
v 0.01493100 0.05000000 -0.00143700
v 0.01493100 0.05000000 -0.00143700
v 0.01493100 0.05000000 -0.00143700
v 0.01496100 0.03666700 -0.00107800
v 0.01496100 0.03666700 -0.00107800
v 0.01496100 0.03666700 -0.00107800
v 0.01496100 0.03666700 -0.00107800
v 0.01496100 0.03666700 -0.00107800
v -0.02500000 0.00000000 0.02500000
v -0.02500000 0.00000000 0.02500000
v -0.02500000 0.00000000 0.02500000
v 0.02500000 0.00000000 0.02500000
v 0.02500000 0.00000000 0.02500000
v 0.02500000 0.00000000 0.02500000
v -0.02500000 0.05000000 0.02500000
v -0.02500000 0.05000000 0.02500000
v -0.02500000 0.05000000 0.02500000
v 0.02500000 0.05000000 0.02500000
v 0.02500000 0.05000000 0.02500000
v 0.02500000 0.05000000 0.02500000
v -0.02500000 0.00000000 -0.02500000
v -0.02500000 0.00000000 -0.02500000
v -0.02500000 0.00000000 -0.02500000
v -0.02500000 0.05000000 -0.02500000
v -0.02500000 0.05000000 -0.02500000
v -0.02500000 0.05000000 -0.02500000
v 0.02500000 0.00000000 -0.02500000
v 0.02500000 0.00000000 -0.02500000
v 0.02500000 0.00000000 -0.02500000
v 0.02500000 0.05000000 -0.02500000
v 0.02500000 0.05000000 -0.02500000
v 0.02500000 0.05000000 -0.02500000
vn -0.99970000 0.00030000 -0.02400000
vn -0.99890000 -0.00030000 -0.04790000
vn -0.99740000 0.00030000 -0.07190000
vn -0.00000000 1.00000000 -0.00000000
vn -1.00000000 -0.00000000 -0.00000000
vn -0.99890000 -0.00030000 -0.04790000
vn -0.99880000 -0.00000000 -0.04790000
vn -0.99890000 -0.00000000 -0.04790000
vn -1.00000000 -0.00030000 -0.00000000
vn -0.99970000 0.00030000 -0.02400000
vn -0.99970000 0.00030000 0.02400000
vn -1.00000000 -0.00030000 -0.00000000
vn -0.00000000 1.00000000 -0.00000000
vn -0.99970000 0.00030000 -0.02400000
vn -1.00000000 -0.00030000 -0.00000000
vn -0.99880000 -0.00000000 0.04790000
vn -1.00000000 -0.00000000 -0.00000000
vn -0.99970000 0.00030000 0.02400000
vn -0.99890000 -0.00030000 0.04790000
vn -0.99740000 0.00030000 0.07190000
vn -0.99890000 -0.00030000 0.04790000
vn -0.99970000 0.00030000 0.02400000
vn -0.00000000 1.00000000 -0.00000000
vn -0.99890000 -0.00000000 0.04790000
vn -0.99880000 -0.00000000 0.04790000
vn -0.99540000 -0.00000000 0.09580000
vn -0.99890000 -0.00030000 0.04790000
vn -0.99740000 0.00030000 0.07190000
vn -0.99540000 -0.00030000 0.09580000
vn -0.00000000 1.00000000 -0.00000000
vn -0.99280000 0.00030000 0.11960000
vn -0.99740000 0.00030000 0.07190000
vn -0.99540000 -0.00030000 0.09580000
vn -0.98970000 -0.00030000 0.14340000
vn -0.99280000 0.00030000 0.11960000
vn -0.99540000 -0.00000000 0.09580000
vn -0.99540000 -0.00030000 0.09580000
vn -0.98970000 -0.00000000 0.14340000
vn -0.99280000 0.00030000 0.11960000
vn -0.98970000 -0.00030000 0.14340000
vn -0.98590000 0.00030000 0.16710000
vn -0.00000000 1.00000000 -0.00000000
vn -0.98170000 -0.00000000 0.19070000
vn -0.98970000 -0.00000000 0.14340000
vn -0.98170000 -0.00030000 0.19070000
vn -0.98970000 -0.00030000 0.14340000
vn -0.98590000 0.00030000 0.16710000
vn -0.00000000 1.00000000 -0.00000000
vn -0.98590000 0.00030000 0.16710000
vn -0.98170000 -0.00030000 0.19070000
vn -0.97680000 0.00030000 0.21420000
vn -0.97140000 -0.00030000 0.23750000
vn -0.98170000 -0.00030000 0.19070000
vn -0.98170000 -0.00000000 0.19070000
vn -0.97140000 -0.00000000 0.23750000
vn -0.97680000 0.00030000 0.21420000
vn -0.96540000 0.00030000 0.26070000
vn -0.97680000 0.00030000 0.21420000
vn -0.97140000 -0.00030000 0.23750000
vn -0.00000000 1.00000000 -0.00000000
vn -0.97140000 -0.00000000 0.23750000
vn -0.95890000 -0.00000000 0.28380000
vn -0.96540000 0.00030000 0.26070000
vn -0.95890000 -0.00030000 0.28380000
vn -0.97140000 -0.00030000 0.23750000
vn -0.96540000 0.00030000 0.26070000
vn -0.95890000 -0.00030000 0.28380000
vn -0.95180000 0.00030000 0.30670000
vn -0.00000000 1.00000000 -0.00000000
vn -0.94420000 -0.00000000 0.32950000
vn -0.95890000 -0.00000000 0.28380000
vn -0.95890000 -0.00030000 0.28380000
vn -0.95180000 0.00030000 0.30670000
vn -0.94420000 -0.00030000 0.32950000
vn -0.00000000 1.00000000 -0.00000000
vn -0.93600000 0.00030000 0.35200000
vn -0.95180000 0.00030000 0.30670000
vn -0.94420000 -0.00030000 0.32950000
vn -0.92730000 -0.00000000 0.37440000
vn -0.94420000 -0.00030000 0.32950000
vn -0.93600000 0.00030000 0.35200000
vn -0.92730000 -0.00030000 0.37440000
vn -0.94420000 -0.00000000 0.32950000
vn -0.00000000 1.00000000 -0.00000000
vn -0.93600000 0.00030000 0.35200000
vn -0.92730000 -0.00030000 0.37440000
vn -0.91800000 0.00030000 0.39650000
vn -0.91800000 0.00030000 0.39650000
vn -0.90830000 -0.00030000 0.41840000
vn -0.90830000 -0.00000000 0.41840000
vn -0.92730000 -0.00000000 0.37440000
vn -0.92730000 -0.00030000 0.37440000
vn -0.91800000 0.00030000 0.39650000
vn -0.00000000 1.00000000 -0.00000000
vn -0.90830000 -0.00030000 0.41840000
vn -0.89800000 0.00030000 0.44000000
vn -0.88720000 -0.00000000 0.46150000
vn -0.90830000 -0.00000000 0.41840000
vn -0.88720000 -0.00030000 0.46150000
vn -0.89800000 0.00030000 0.44000000
vn -0.90830000 -0.00030000 0.41840000
vn -0.87580000 0.00030000 0.48260000
vn -0.00000000 1.00000000 -0.00000000
vn -0.88720000 -0.00030000 0.46150000
vn -0.89800000 0.00030000 0.44000000
vn -0.86400000 -0.00030000 0.50350000
vn -0.87580000 0.00030000 0.48260000
vn -0.88720000 -0.00030000 0.46150000
vn -0.86400000 -0.00000000 0.50350000
vn -0.88720000 -0.00000000 0.46150000
vn -0.85170000 0.00030000 0.52400000
vn -0.00000000 1.00000000 -0.00000000
vn -0.86400000 -0.00030000 0.50350000
vn -0.87580000 0.00030000 0.48260000
vn -0.86400000 -0.00030000 0.50350000
vn -0.83890000 -0.00030000 0.54430000
vn -0.85170000 0.00030000 0.52400000
vn -0.83890000 -0.00000000 0.54430000
vn -0.86400000 -0.00000000 0.50350000
vn -0.00000000 1.00000000 -0.00000000
vn -0.85170000 0.00030000 0.52400000
vn -0.83890000 -0.00030000 0.54430000
vn -0.82560000 0.00030000 0.56430000
vn -0.82560000 0.00030000 0.56430000
vn -0.81180000 -0.00000000 0.58390000
vn -0.83890000 -0.00000000 0.54430000
vn -0.81180000 -0.00030000 0.58390000
vn -0.83890000 -0.00030000 0.54430000
vn -0.00000000 1.00000000 -0.00000000
vn -0.79760000 0.00030000 0.60320000
vn -0.81180000 -0.00030000 0.58390000
vn -0.82560000 0.00030000 0.56430000
vn -0.81180000 -0.00000000 0.58390000
vn -0.81180000 -0.00030000 0.58390000
vn -0.78290000 -0.00000000 0.62210000
vn -0.79760000 0.00030000 0.60320000
vn -0.78290000 -0.00030000 0.62220000
vn -0.00000000 1.00000000 -0.00000000
vn -0.78290000 -0.00030000 0.62220000
vn -0.76780000 0.00030000 0.64070000
vn -0.79760000 0.00030000 0.60320000
vn -0.76780000 0.00030000 0.64070000
vn -0.78290000 -0.00030000 0.62220000
vn -0.78290000 -0.00000000 0.62210000
vn -0.78290000 -0.00000000 0.62220000
vn -0.75220000 -0.00000000 0.65900000
vn -0.75220000 -0.00030000 0.65900000
vn -0.76780000 0.00030000 0.64070000
vn -0.00000000 1.00000000 -0.00000000
vn -0.75220000 -0.00030000 0.65900000
vn -0.73620000 0.00030000 0.67680000
vn -0.75220000 -0.00000000 0.65900000
vn -0.71970000 -0.00000000 0.69430000
vn -0.73620000 0.00030000 0.67680000
vn -0.71970000 -0.00030000 0.69430000
vn -0.75220000 -0.00030000 0.65900000
vn -0.00000000 1.00000000 -0.00000000
vn -0.71970000 -0.00030000 0.69430000
vn -0.70290000 0.00030000 0.71130000
vn -0.73620000 0.00030000 0.67680000
vn -0.70290000 0.00030000 0.71130000
vn -0.71970000 -0.00000000 0.69430000
vn -0.71970000 -0.00030000 0.69430000
vn -0.68560000 -0.00000000 0.72800000
vn -0.68560000 -0.00030000 0.72800000
vn -0.66790000 0.00030000 0.74420000
vn -0.70290000 0.00030000 0.71130000
vn -0.68560000 -0.00030000 0.72800000
vn -0.00000000 1.00000000 -0.00000000
vn -0.64990000 -0.00000000 0.76000000
vn -0.68560000 -0.00030000 0.72800000
vn -0.68560000 -0.00000000 0.72800000
vn -0.66790000 0.00030000 0.74420000
vn -0.64990000 -0.00030000 0.76000000
vn -0.63150000 0.00030000 0.77540000
vn -0.64990000 -0.00030000 0.76000000
vn -0.00000000 1.00000000 -0.00000000
vn -0.66790000 0.00030000 0.74420000
vn -0.63150000 0.00030000 0.77540000
vn -0.64990000 -0.00030000 0.76000000
vn -0.61270000 -0.00000000 0.79030000
vn -0.64990000 -0.00000000 0.76000000
vn -0.61270000 -0.00030000 0.79030000
vn -0.63150000 0.00030000 0.77540000
vn -0.61270000 -0.00030000 0.79030000
vn -0.59360000 0.00030000 0.80480000
vn -0.00000000 1.00000000 -0.00000000
vn -0.61270000 -0.00000000 0.79030000
vn -0.57410000 -0.00000000 0.81880000
vn -0.61270000 -0.00030000 0.79030000
vn -0.59360000 0.00030000 0.80480000
vn -0.57410000 -0.00030000 0.81880000
vn -0.55430000 0.00030000 0.83230000
vn -0.59360000 0.00030000 0.80480000
vn -0.00000000 1.00000000 -0.00000000
vn -0.57410000 -0.00030000 0.81880000
vn -0.57410000 -0.00030000 0.81880000
vn -0.53420000 -0.00000000 0.84540000
vn -0.57410000 -0.00000000 0.81880000
vn -0.53420000 -0.00030000 0.84540000
vn -0.55430000 0.00030000 0.83230000
vn -0.51380000 0.00030000 0.85790000
vn -0.53420000 -0.00030000 0.84540000
vn -0.55430000 0.00030000 0.83230000
vn -0.00000000 1.00000000 -0.00000000
vn -0.49310000 -0.00030000 0.87000000
vn -0.51380000 0.00030000 0.85790000
vn -0.53420000 -0.00030000 0.84540000
vn -0.53420000 -0.00000000 0.84540000
vn -0.49310000 -0.00000000 0.87000000
vn -0.47210000 0.00030000 0.88160000
vn -0.00000000 1.00000000 -0.00000000
vn -0.49310000 -0.00030000 0.87000000
vn -0.51380000 0.00030000 0.85790000
vn -0.49310000 -0.00030000 0.87000000
vn -0.47210000 0.00030000 0.88160000
vn -0.45080000 -0.00030000 0.89260000
vn -0.45080000 -0.00000000 0.89260000
vn -0.49310000 -0.00000000 0.87000000
vn -0.45080000 -0.00030000 0.89260000
vn -0.47210000 0.00030000 0.88160000
vn -0.42920000 0.00030000 0.90320000
vn -0.00000000 1.00000000 -0.00000000
vn -0.45080000 -0.00000000 0.89260000
vn -0.40750000 -0.00000000 0.91320000
vn -0.40750000 -0.00030000 0.91320000
vn -0.42920000 0.00030000 0.90320000
vn -0.45080000 -0.00030000 0.89260000
vn -0.00000000 1.00000000 -0.00000000
vn -0.42920000 0.00030000 0.90320000
vn -0.38550000 0.00030000 0.92270000
vn -0.40750000 -0.00030000 0.91320000
vn -0.40750000 -0.00030000 0.91320000
vn -0.40750000 -0.00000000 0.91320000
vn -0.38550000 0.00030000 0.92270000
vn -0.36320000 -0.00000000 0.93170000
vn -0.36320000 -0.00030000 0.93170000
vn -0.38550000 0.00030000 0.92270000
vn -0.36320000 -0.00030000 0.93170000
vn -0.34080000 0.00030000 0.94010000
vn -0.00000000 1.00000000 -0.00000000
vn -0.36320000 -0.00000000 0.93170000
vn -0.34080000 0.00030000 0.94010000
vn -0.36320000 -0.00030000 0.93170000
vn -0.31810000 -0.00000000 0.94800000
vn -0.31810000 -0.00030000 0.94800000
vn -0.31810000 -0.00030000 0.94800000
vn -0.34080000 0.00030000 0.94010000
vn -0.29530000 0.00030000 0.95540000
vn -0.00000000 1.00000000 -0.00000000
vn -0.27230000 -0.00000000 0.96220000
vn -0.31810000 -0.00000000 0.94800000
vn -0.31810000 -0.00030000 0.94800000
vn -0.29530000 0.00030000 0.95540000
vn -0.27230000 -0.00030000 0.96220000
vn -0.29530000 0.00030000 0.95540000
vn -0.27230000 -0.00030000 0.96220000
vn -0.24920000 0.00030000 0.96850000
vn -0.00000000 1.00000000 -0.00000000
vn -0.27230000 -0.00030000 0.96220000
vn -0.24920000 0.00030000 0.96850000
vn -0.22590000 -0.00030000 0.97420000
vn -0.27230000 -0.00000000 0.96220000
vn -0.22590000 -0.00000000 0.97420000
vn -0.20240000 0.00030000 0.97930000
vn -0.24920000 0.00030000 0.96850000
vn -0.22590000 -0.00030000 0.97420000
vn -0.00000000 1.00000000 -0.00000000
vn -0.17890000 -0.00000000 0.98390000
vn -0.20240000 0.00030000 0.97930000
vn -0.22590000 -0.00030000 0.97420000
vn -0.17890000 -0.00030000 0.98390000
vn -0.22590000 -0.00000000 0.97420000
vn -0.17890000 -0.00030000 0.98390000
vn -0.20240000 0.00030000 0.97930000
vn -0.15530000 0.00030000 0.98790000
vn -0.00000000 1.00000000 -0.00000000
vn -0.13150000 -0.00000000 0.99130000
vn -0.17890000 -0.00000000 0.98390000
vn -0.13150000 -0.00030000 0.99130000
vn -0.17890000 -0.00030000 0.98390000
vn -0.15530000 0.00030000 0.98790000
vn -0.10770000 0.00030000 0.99420000
vn -0.13150000 -0.00030000 0.99130000
vn -0.00000000 1.00000000 -0.00000000
vn -0.15530000 0.00030000 0.98790000
vn -0.08380000 -0.00030000 0.99650000
vn -0.13150000 -0.00000000 0.99130000
vn -0.10770000 0.00030000 0.99420000
vn -0.13150000 -0.00030000 0.99130000
vn -0.08380000 -0.00000000 0.99650000
vn -0.00000000 1.00000000 -0.00000000
vn -0.05990000 0.00030000 0.99820000
vn -0.08380000 -0.00030000 0.99650000
vn -0.10770000 0.00030000 0.99420000
vn -0.08380000 -0.00000000 0.99650000
vn -0.03600000 -0.00000000 0.99940000
vn -0.08380000 -0.00030000 0.99650000
vn -0.03600000 -0.00030000 0.99940000
vn -0.05990000 0.00030000 0.99820000
vn -0.01200000 0.00030000 0.99990000
vn -0.00000000 1.00000000 -0.00000000
vn -0.03600000 -0.00030000 0.99940000
vn -0.05990000 0.00030000 0.99820000
vn 0.01200000 -0.00030000 0.99990000
vn -0.01200000 0.00030000 0.99990000
vn -0.03600000 -0.00030000 0.99940000
vn -0.03600000 -0.00000000 0.99940000
vn 0.01200000 -0.00000000 0.99990000
vn 0.03600000 0.00030000 0.99940000
vn 0.01200000 -0.00030000 0.99990000
vn -0.01200000 0.00030000 0.99990000
vn -0.00000000 1.00000000 -0.00000000
vn 0.05990000 -0.00000000 0.99820000
vn 0.03600000 0.00030000 0.99940000
vn 0.05990000 -0.00030000 0.99820000
vn 0.01200000 -0.00030000 0.99990000
vn 0.01200000 -0.00000000 0.99990000
vn 0.08380000 0.00030000 0.99650000
vn 0.03600000 0.00030000 0.99940000
vn -0.00000000 1.00000000 -0.00000000
vn 0.05990000 -0.00030000 0.99820000
vn 0.05990000 -0.00030000 0.99820000
vn 0.10770000 -0.00030000 0.99420000
vn 0.08380000 0.00030000 0.99650000
vn 0.10770000 -0.00000000 0.99420000
vn 0.05990000 -0.00000000 0.99820000
vn 0.10770000 -0.00030000 0.99420000
vn 0.08380000 0.00030000 0.99650000
vn -0.00000000 1.00000000 -0.00000000
vn 0.13150000 0.00030000 0.99130000
vn 0.15530000 -0.00000000 0.98790000
vn 0.10770000 -0.00000000 0.99420000
vn 0.13150000 0.00030000 0.99130000
vn 0.10770000 -0.00030000 0.99420000
vn 0.15530000 -0.00030000 0.98790000
vn -0.00000000 1.00000000 -0.00000000
vn 0.17890000 0.00030000 0.98390000
vn 0.15530000 -0.00030000 0.98790000
vn 0.13150000 0.00030000 0.99130000
vn 0.17890000 0.00030000 0.98390000
vn 0.20240000 -0.00030000 0.97930000
vn 0.15530000 -0.00030000 0.98790000
vn 0.20240000 -0.00000000 0.97930000
vn 0.15530000 -0.00000000 0.98790000
vn -0.00000000 1.00000000 -0.00000000
vn 0.17890000 0.00030000 0.98390000
vn 0.22590000 0.00030000 0.97420000
vn 0.20240000 -0.00030000 0.97930000
vn 0.20240000 -0.00000000 0.97930000
vn 0.24920000 -0.00000000 0.96850000
vn 0.24920000 -0.00030000 0.96850000
vn 0.20240000 -0.00030000 0.97930000
vn 0.22590000 0.00030000 0.97420000
vn 0.27230000 0.00030000 0.96220000
vn 0.24920000 -0.00030000 0.96850000
vn 0.22590000 0.00030000 0.97420000
vn -0.00000000 1.00000000 -0.00000000
vn 0.29530000 -0.00030000 0.95540000
vn 0.24920000 -0.00000000 0.96850000
vn 0.24920000 -0.00030000 0.96850000
vn 0.29530000 -0.00000000 0.95540000
vn 0.27230000 0.00030000 0.96220000
vn 0.27230000 0.00030000 0.96220000
vn 0.29530000 -0.00030000 0.95540000
vn 0.31810000 0.00030000 0.94800000
vn -0.00000000 1.00000000 -0.00000000
vn 0.29530000 -0.00030000 0.95540000
vn 0.34080000 -0.00000000 0.94010000
vn 0.34080000 -0.00030000 0.94010000
vn 0.29530000 -0.00000000 0.95540000
vn 0.31810000 0.00030000 0.94800000
vn -0.00000000 1.00000000 -0.00000000
vn 0.36320000 0.00030000 0.93170000
vn 0.34080000 -0.00030000 0.94010000
vn 0.31810000 0.00030000 0.94800000
vn 0.36320000 0.00030000 0.93170000
vn 0.38550000 -0.00000000 0.92270000
vn 0.34080000 -0.00000000 0.94010000
vn 0.38550000 -0.00030000 0.92270000
vn 0.34080000 -0.00030000 0.94010000
vn 0.40750000 0.00030000 0.91320000
vn 0.36320000 0.00030000 0.93170000
vn 0.38550000 -0.00030000 0.92270000
vn -0.00000000 1.00000000 -0.00000000
vn 0.42920000 -0.00000000 0.90320000
vn 0.38550000 -0.00030000 0.92270000
vn 0.38550000 -0.00000000 0.92270000
vn 0.42920000 -0.00030000 0.90320000
vn 0.40750000 0.00030000 0.91320000
vn 0.42920000 -0.00030000 0.90320000
vn 0.40750000 0.00030000 0.91320000
vn -0.00000000 1.00000000 -0.00000000
vn 0.45080000 0.00030000 0.89260000
vn 0.45080000 0.00030000 0.89260000
vn 0.47210000 -0.00030000 0.88160000
vn 0.47210000 -0.00000000 0.88160000
vn 0.42920000 -0.00000000 0.90320000
vn 0.42920000 -0.00030000 0.90320000
vn -0.00000000 1.00000000 -0.00000000
vn 0.47210000 -0.00030000 0.88160000
vn 0.49310000 0.00030000 0.87000000
vn 0.45080000 0.00030000 0.89260000
vn 0.47210000 -0.00000000 0.88160000
vn 0.51380000 -0.00030000 0.85790000
vn 0.47210000 -0.00030000 0.88160000
vn 0.51380000 -0.00000000 0.85790000
vn 0.49310000 0.00030000 0.87000000
vn -0.00000000 1.00000000 -0.00000000
vn 0.53420000 0.00030000 0.84540000
vn 0.51380000 -0.00030000 0.85790000
vn 0.49310000 0.00030000 0.87000000
vn 0.53420000 0.00030000 0.84540000
vn 0.55430000 -0.00030000 0.83230000
vn 0.51380000 -0.00030000 0.85790000
vn 0.55430000 -0.00000000 0.83230000
vn 0.51380000 -0.00000000 0.85790000
vn 0.55430000 -0.00030000 0.83230000
vn 0.53420000 0.00030000 0.84540000
vn 0.57410000 0.00030000 0.81880000
vn -0.00000000 1.00000000 -0.00000000
vn 0.55430000 -0.00000000 0.83230000
vn 0.59360000 -0.00030000 0.80480000
vn 0.59360000 -0.00000000 0.80480000
vn 0.55430000 -0.00030000 0.83230000
vn 0.57410000 0.00030000 0.81880000
vn 0.57410000 0.00030000 0.81880000
vn -0.00000000 1.00000000 -0.00000000
vn 0.59360000 -0.00030000 0.80480000
vn 0.61270000 0.00030000 0.79030000
vn 0.59360000 -0.00000000 0.80480000
vn 0.63150000 -0.00000000 0.77540000
vn 0.59360000 -0.00030000 0.80480000
vn 0.61270000 0.00030000 0.79030000
vn 0.63150000 -0.00030000 0.77540000
vn 0.64990000 0.00030000 0.76000000
vn 0.63150000 -0.00030000 0.77540000
vn -0.00000000 1.00000000 -0.00000000
vn 0.61270000 0.00030000 0.79030000
vn 0.63150000 -0.00030000 0.77540000
vn 0.64990000 0.00030000 0.76000000
vn 0.66790000 -0.00030000 0.74420000
vn 0.66790000 -0.00000000 0.74420000
vn 0.63150000 -0.00000000 0.77540000
vn 0.68560000 0.00030000 0.72800000
vn 0.66790000 -0.00030000 0.74420000
vn -0.00000000 1.00000000 -0.00000000
vn 0.64990000 0.00030000 0.76000000
vn 0.66790000 -0.00030000 0.74420000
vn 0.68560000 0.00030000 0.72800000
vn 0.70290000 -0.00030000 0.71130000
vn 0.66790000 -0.00000000 0.74420000
vn 0.70290000 -0.00000000 0.71130000
vn 0.68560000 0.00030000 0.72800000
vn 0.70290000 -0.00030000 0.71130000
vn -0.00000000 1.00000000 -0.00000000
vn 0.71970000 0.00030000 0.69430000
vn 0.70290000 -0.00000000 0.71130000
vn 0.71970000 0.00030000 0.69430000
vn 0.70290000 -0.00030000 0.71130000
vn 0.73620000 -0.00030000 0.67680000
vn 0.73610000 -0.00000000 0.67680000
vn 0.73620000 -0.00030000 0.67680000
vn 0.75220000 0.00030000 0.65900000
vn -0.00000000 1.00000000 -0.00000000
vn 0.71970000 0.00030000 0.69430000
vn 0.76780000 -0.00000000 0.64070000
vn 0.73620000 -0.00000000 0.67680000
vn 0.73610000 -0.00000000 0.67680000
vn 0.76780000 -0.00030000 0.64070000
vn 0.75220000 0.00030000 0.65900000
vn 0.73620000 -0.00030000 0.67680000
vn 0.78290000 0.00030000 0.62220000
vn 0.76780000 -0.00030000 0.64070000
vn 0.75220000 0.00030000 0.65900000
vn -0.00000000 1.00000000 -0.00000000
vn 0.76780000 -0.00030000 0.64070000
vn 0.78290000 0.00030000 0.62220000
vn 0.79760000 -0.00030000 0.60320000
vn 0.76780000 -0.00000000 0.64070000
vn 0.79760000 -0.00000000 0.60320000
vn 0.81180000 0.00030000 0.58390000
vn -0.00000000 1.00000000 -0.00000000
vn 0.79760000 -0.00030000 0.60320000
vn 0.78290000 0.00030000 0.62220000
vn 0.81180000 0.00030000 0.58390000
vn 0.82560000 -0.00030000 0.56430000
vn 0.79760000 -0.00030000 0.60320000
vn 0.82560000 -0.00000000 0.56430000
vn 0.79760000 -0.00000000 0.60320000
vn -0.00000000 1.00000000 -0.00000000
vn 0.81180000 0.00030000 0.58390000
vn 0.82560000 -0.00030000 0.56430000
vn 0.83890000 0.00030000 0.54430000
vn 0.85170000 -0.00030000 0.52400000
vn 0.85170000 -0.00000000 0.52400000
vn 0.82560000 -0.00000000 0.56430000
vn 0.83890000 0.00030000 0.54430000
vn 0.82560000 -0.00030000 0.56430000
vn 0.83890000 0.00030000 0.54430000
vn -0.00000000 1.00000000 -0.00000000
vn 0.85170000 -0.00030000 0.52400000
vn 0.86400000 0.00030000 0.50350000
vn 0.85170000 -0.00000000 0.52400000
vn 0.87580000 -0.00000000 0.48260000
vn 0.86400000 0.00030000 0.50350000
vn 0.85170000 -0.00030000 0.52400000
vn 0.87580000 -0.00030000 0.48260000
vn 0.87580000 -0.00030000 0.48260000
vn -0.00000000 1.00000000 -0.00000000
vn 0.88720000 0.00030000 0.46150000
vn 0.86400000 0.00030000 0.50350000
vn 0.89800000 -0.00000000 0.44000000
vn 0.87580000 -0.00000000 0.48260000
vn 0.88720000 0.00030000 0.46150000
vn 0.87580000 -0.00030000 0.48260000
vn 0.89800000 -0.00030000 0.44000000
vn 0.88720000 0.00030000 0.46150000
vn 0.90830000 0.00030000 0.41840000
vn -0.00000000 1.00000000 -0.00000000
vn 0.89800000 -0.00030000 0.44000000
vn 0.89800000 -0.00030000 0.44000000
vn 0.91800000 -0.00000000 0.39650000
vn 0.91800000 -0.00030000 0.39650000
vn 0.89800000 -0.00000000 0.44000000
vn 0.90830000 0.00030000 0.41840000
vn -0.00000000 1.00000000 -0.00000000
vn 0.91800000 -0.00030000 0.39650000
vn 0.92730000 0.00030000 0.37440000
vn 0.90830000 0.00030000 0.41840000
vn 0.91800000 -0.00030000 0.39650000
vn 0.92730000 0.00030000 0.37440000
vn 0.93600000 -0.00030000 0.35200000
vn 0.91800000 -0.00000000 0.39650000
vn 0.93600000 -0.00000000 0.35200000
vn 0.92730000 0.00030000 0.37440000
vn 0.94420000 0.00030000 0.32950000
vn -0.00000000 1.00000000 -0.00000000
vn 0.93600000 -0.00030000 0.35200000
vn 0.95180000 -0.00000000 0.30670000
vn 0.93600000 -0.00000000 0.35200000
vn 0.94420000 0.00030000 0.32950000
vn 0.95180000 -0.00030000 0.30670000
vn 0.93600000 -0.00030000 0.35200000
vn 0.95180000 -0.00030000 0.30670000
vn 0.95890000 0.00030000 0.28380000
vn 0.94420000 0.00030000 0.32950000
vn -0.00000000 1.00000000 -0.00000000
vn 0.96540000 -0.00000000 0.26070000
vn 0.96540000 -0.00030000 0.26070000
vn 0.95180000 -0.00000000 0.30670000
vn 0.95890000 0.00030000 0.28380000
vn 0.95180000 -0.00030000 0.30670000
vn 0.95890000 0.00030000 0.28380000
vn -0.00000000 1.00000000 -0.00000000
vn 0.96540000 -0.00030000 0.26070000
vn 0.97140000 0.00030000 0.23750000
vn 0.96540000 -0.00000000 0.26070000
vn 0.96540000 -0.00030000 0.26070000
vn 0.97680000 -0.00030000 0.21420000
vn 0.97140000 0.00030000 0.23750000
vn 0.97680000 -0.00000000 0.21420000
vn 0.98170000 0.00030000 0.19070000
vn 0.97140000 0.00030000 0.23750000
vn 0.97680000 -0.00030000 0.21420000
vn -0.00000000 1.00000000 -0.00000000
vn 0.97680000 -0.00000000 0.21420000
vn 0.98590000 -0.00030000 0.16710000
vn 0.97680000 -0.00030000 0.21420000
vn 0.98170000 0.00030000 0.19070000
vn 0.98590000 -0.00000000 0.16710000
vn 0.98970000 0.00030000 0.14340000
vn -0.00000000 1.00000000 -0.00000000
vn 0.98170000 0.00030000 0.19070000
vn 0.98590000 -0.00030000 0.16710000
vn 0.98970000 0.00030000 0.14340000
vn 0.98590000 -0.00030000 0.16710000
vn 0.99280000 -0.00030000 0.11960000
vn 0.98590000 -0.00000000 0.16710000
vn 0.99280000 -0.00000000 0.11960000
vn 0.98970000 0.00030000 0.14340000
vn -0.00000000 1.00000000 -0.00000000
vn 0.99280000 -0.00030000 0.11960000
vn 0.99540000 0.00030000 0.09580000
vn 0.99740000 -0.00030000 0.07190000
vn 0.99540000 0.00030000 0.09580000
vn 0.99280000 -0.00030000 0.11960000
vn 0.99740000 -0.00000000 0.07190000
vn 0.99280000 -0.00000000 0.11960000
vn 0.99540000 0.00030000 0.09580000
vn -0.00000000 1.00000000 -0.00000000
vn 0.99740000 -0.00030000 0.07190000
vn 0.99890000 0.00030000 0.04790000
vn 0.99740000 -0.00000000 0.07190000
vn 0.99970000 -0.00000000 0.02400000
vn 0.99890000 0.00030000 0.04790000
vn 0.99740000 -0.00030000 0.07190000
vn 0.99970000 -0.00030000 0.02400000
vn 0.99970000 -0.00030000 0.02400000
vn 1.00000000 0.00030000 -0.00000000
vn 0.99890000 0.00030000 0.04790000
vn -0.00000000 1.00000000 -0.00000000
vn 0.99970000 -0.00030000 0.02400000
vn 0.99970000 -0.00000000 0.02400000
vn 0.99970000 -0.00030000 -0.02400000
vn 0.99970000 -0.00000000 -0.02400000
vn 1.00000000 0.00030000 -0.00000000
vn -0.00000000 1.00000000 -0.00000000
vn 1.00000000 0.00030000 -0.00000000
vn 0.99970000 -0.00030000 -0.02400000
vn 0.99890000 0.00030000 -0.04790000
vn 0.99970000 -0.00000000 -0.02400000
vn 0.99890000 0.00030000 -0.04790000
vn 0.99740000 -0.00030000 -0.07190000
vn 0.99740000 -0.00000000 -0.07190000
vn 0.99970000 -0.00030000 -0.02400000
vn 0.99890000 0.00030000 -0.04790000
vn 0.99740000 -0.00030000 -0.07190000
vn 0.99540000 0.00030000 -0.09580000
vn -0.00000000 1.00000000 -0.00000000
vn 0.99740000 -0.00000000 -0.07190000
vn 0.99740000 -0.00030000 -0.07190000
vn 0.99280000 -0.00000000 -0.11960000
vn 0.99280000 -0.00030000 -0.11960000
vn 0.99540000 0.00030000 -0.09580000
vn 0.98970000 0.00030000 -0.14340000
vn 0.99540000 0.00030000 -0.09580000
vn 0.99280000 -0.00030000 -0.11960000
vn -0.00000000 1.00000000 -0.00000000
vn 0.99280000 -0.00030000 -0.11960000
vn 0.98590000 -0.00000000 -0.16710000
vn 0.98970000 0.00030000 -0.14340000
vn 0.99280000 -0.00000000 -0.11960000
vn 0.98590000 -0.00030000 -0.16710000
vn -0.00000000 1.00000000 -0.00000000
vn 0.98970000 0.00030000 -0.14340000
vn 0.98590000 -0.00030000 -0.16710000
vn 0.98170000 0.00030000 -0.19070000
vn 0.98590000 -0.00030000 -0.16710000
vn 0.98170000 0.00030000 -0.19070000
vn 0.97680000 -0.00030000 -0.21420000
vn 0.97680000 -0.00000000 -0.21420000
vn 0.98590000 -0.00000000 -0.16710000
vn 0.98170000 0.00030000 -0.19070000
vn 0.97680000 -0.00030000 -0.21420000
vn 0.97140000 0.00030000 -0.23750000
vn -0.00000000 1.00000000 -0.00000000
vn 0.97680000 -0.00030000 -0.21420000
vn 0.97140000 0.00030000 -0.23750000
vn 0.96540000 -0.00030000 -0.26070000
vn 0.96540000 -0.00000000 -0.26070000
vn 0.97680000 -0.00000000 -0.21420000
vn 0.97140000 0.00030000 -0.23750000
vn 0.95890000 0.00030000 -0.28380000
vn -0.00000000 1.00000000 -0.00000000
vn 0.96540000 -0.00030000 -0.26070000
vn 0.95180000 -0.00000000 -0.30670000
vn 0.96540000 -0.00030000 -0.26070000
vn 0.96540000 -0.00000000 -0.26070000
vn 0.95890000 0.00030000 -0.28380000
vn 0.95180000 -0.00030000 -0.30670000
vn 0.94420000 0.00030000 -0.32950000
vn -0.00000000 1.00000000 -0.00000000
vn 0.95180000 -0.00030000 -0.30670000
vn 0.95890000 0.00030000 -0.28380000
vn 0.95180000 -0.00030000 -0.30670000
vn 0.93600000 -0.00000000 -0.35200000
vn 0.95180000 -0.00000000 -0.30670000
vn 0.93600000 -0.00030000 -0.35200000
vn 0.94420000 0.00030000 -0.32950000
vn -0.00000000 1.00000000 -0.00000000
vn 0.93600000 -0.00030000 -0.35200000
vn 0.92730000 0.00030000 -0.37440000
vn 0.94420000 0.00030000 -0.32950000
vn 0.93600000 -0.00030000 -0.35200000
vn 0.92730000 0.00030000 -0.37440000
vn 0.91800000 -0.00030000 -0.39650000
vn 0.91800000 -0.00000000 -0.39650000
vn 0.93600000 -0.00000000 -0.35200000
vn 0.90830000 0.00030000 -0.41840000
vn 0.91800000 -0.00030000 -0.39650000
vn -0.00000000 1.00000000 -0.00000000
vn 0.92730000 0.00030000 -0.37440000
vn 0.89800000 -0.00030000 -0.44000000
vn 0.89800000 -0.00000000 -0.44000000
vn 0.91800000 -0.00000000 -0.39650000
vn 0.90830000 0.00030000 -0.41840000
vn 0.91800000 -0.00030000 -0.39650000
vn 0.88720000 0.00030000 -0.46150000
vn 0.89800000 -0.00030000 -0.44000000
vn 0.90830000 0.00030000 -0.41840000
vn -0.00000000 1.00000000 -0.00000000
vn 0.89800000 -0.00030000 -0.44000000
vn 0.87580000 -0.00030000 -0.48260000
vn 0.87580000 -0.00000000 -0.48260000
vn 0.89800000 -0.00000000 -0.44000000
vn 0.88720000 0.00030000 -0.46150000
vn 0.88720000 0.00030000 -0.46150000
vn 0.87580000 -0.00030000 -0.48260000
vn 0.86400000 0.00030000 -0.50350000
vn -0.00000000 1.00000000 -0.00000000
vn 0.85170000 -0.00000000 -0.52400000
vn 0.87580000 -0.00000000 -0.48260000
vn 0.87580000 -0.00030000 -0.48260000
vn 0.86400000 0.00030000 -0.50350000
vn 0.85170000 -0.00030000 -0.52400000
vn -0.00000000 1.00000000 -0.00000000
vn 0.86400000 0.00030000 -0.50350000
vn 0.85170000 -0.00030000 -0.52400000
vn 0.83890000 0.00030000 -0.54430000
vn 0.83890000 0.00030000 -0.54430000
vn 0.82560000 -0.00030000 -0.56430000
vn 0.82560000 -0.00000000 -0.56430000
vn 0.85170000 -0.00000000 -0.52400000
vn 0.85170000 -0.00030000 -0.52400000
vn 0.83890000 0.00030000 -0.54430000
vn 0.81180000 0.00030000 -0.58390000
vn 0.82560000 -0.00030000 -0.56430000
vn -0.00000000 1.00000000 -0.00000000
vn 0.79760000 -0.00030000 -0.60320000
vn 0.81180000 0.00030000 -0.58390000
vn 0.82560000 -0.00000000 -0.56430000
vn 0.82560000 -0.00030000 -0.56430000
vn 0.79760000 -0.00000000 -0.60320000
vn 0.79760000 -0.00030000 -0.60320000
vn 0.78290000 0.00030000 -0.62220000
vn -0.00000000 1.00000000 -0.00000000
vn 0.81180000 0.00030000 -0.58390000
vn 0.78290000 0.00030000 -0.62220000
vn 0.79760000 -0.00000000 -0.60320000
vn 0.76780000 -0.00030000 -0.64070000
vn 0.76780000 -0.00000000 -0.64070000
vn 0.79760000 -0.00030000 -0.60320000
vn 0.75220000 0.00030000 -0.65900000
vn 0.76780000 -0.00030000 -0.64070000
vn 0.78290000 0.00030000 -0.62220000
vn -0.00000000 1.00000000 -0.00000000
vn 0.73620000 -0.00000000 -0.67680000
vn 0.76780000 -0.00000000 -0.64070000
vn 0.73620000 -0.00030000 -0.67680000
vn 0.76780000 -0.00030000 -0.64070000
vn 0.75220000 0.00030000 -0.65900000
vn -0.00000000 1.00000000 -0.00000000
vn 0.71970000 0.00030000 -0.69430000
vn 0.73620000 -0.00030000 -0.67680000
vn 0.75220000 0.00030000 -0.65900000
vn 0.71970000 0.00030000 -0.69430000
vn 0.73620000 -0.00030000 -0.67680000
vn 0.70290000 -0.00000000 -0.71130000
vn 0.73620000 -0.00000000 -0.67680000
vn 0.73610000 -0.00000000 -0.67680000
vn 0.70290000 -0.00030000 -0.71130000
vn -0.00000000 1.00000000 -0.00000000
vn 0.68560000 0.00030000 -0.72800000
vn 0.70290000 -0.00030000 -0.71130000
vn 0.71970000 0.00030000 -0.69430000
vn 0.66790000 -0.00000000 -0.74420000
vn 0.70290000 -0.00000000 -0.71130000
vn 0.68560000 0.00030000 -0.72800000
vn 0.66790000 -0.00030000 -0.74420000
vn 0.70290000 -0.00030000 -0.71130000
vn -0.00000000 1.00000000 -0.00000000
vn 0.68560000 0.00030000 -0.72800000
vn 0.66790000 -0.00030000 -0.74420000
vn 0.64990000 0.00030000 -0.76000000
vn 0.66790000 -0.00000000 -0.74420000
vn 0.66790000 -0.00030000 -0.74420000
vn 0.63150000 -0.00000000 -0.77540000
vn 0.63150000 -0.00030000 -0.77540000
vn 0.64990000 0.00030000 -0.76000000
vn -0.00000000 1.00000000 -0.00000000
vn 0.64990000 0.00030000 -0.76000000
vn 0.61270000 0.00030000 -0.79030000
vn 0.63150000 -0.00030000 -0.77540000
vn 0.63150000 -0.00030000 -0.77540000
vn 0.61270000 0.00030000 -0.79030000
vn 0.59360000 -0.00030000 -0.80480000
vn 0.63150000 -0.00000000 -0.77540000
vn 0.59360000 -0.00000000 -0.80480000
vn 0.61270000 0.00030000 -0.79030000
vn 0.59360000 -0.00030000 -0.80480000
vn 0.57410000 0.00030000 -0.81880000
vn -0.00000000 1.00000000 -0.00000000
vn 0.55430000 -0.00030000 -0.83230000
vn 0.59360000 -0.00000000 -0.80480000
vn 0.59360000 -0.00030000 -0.80480000
vn 0.57410000 0.00030000 -0.81880000
vn 0.55430000 -0.00000000 -0.83230000
vn -0.00000000 1.00000000 -0.00000000
vn 0.57410000 0.00030000 -0.81880000
vn 0.55430000 -0.00030000 -0.83230000
vn 0.53420000 0.00030000 -0.84540000
vn 0.51380000 -0.00000000 -0.85790000
vn 0.55430000 -0.00030000 -0.83230000
vn 0.53420000 0.00030000 -0.84540000
vn 0.55430000 -0.00000000 -0.83230000
vn 0.51380000 -0.00030000 -0.85790000
vn 0.53420000 0.00030000 -0.84540000
vn -0.00000000 1.00000000 -0.00000000
vn 0.51380000 -0.00030000 -0.85790000
vn 0.49310000 0.00030000 -0.87000000
vn 0.51380000 -0.00000000 -0.85790000
vn 0.49310000 0.00030000 -0.87000000
vn 0.47210000 -0.00000000 -0.88160000
vn 0.47210000 -0.00030000 -0.88160000
vn 0.51380000 -0.00030000 -0.85790000
vn -0.00000000 1.00000000 -0.00000000
vn 0.49310000 0.00030000 -0.87000000
vn 0.45080000 0.00030000 -0.89260000
vn 0.47210000 -0.00030000 -0.88160000
vn 0.42920000 -0.00030000 -0.90320000
vn 0.47210000 -0.00030000 -0.88160000
vn 0.45080000 0.00030000 -0.89260000
vn 0.42920000 -0.00000000 -0.90320000
vn 0.47210000 -0.00000000 -0.88160000
vn 0.40750000 0.00030000 -0.91320000
vn 0.42920000 -0.00030000 -0.90320000
vn 0.45080000 0.00030000 -0.89260000
vn -0.00000000 1.00000000 -0.00000000
vn 0.42920000 -0.00030000 -0.90320000
vn 0.38550000 -0.00000000 -0.92270000
vn 0.38550000 -0.00030000 -0.92270000
vn 0.42920000 -0.00000000 -0.90320000
vn 0.40750000 0.00030000 -0.91320000
vn 0.40750000 0.00030000 -0.91320000
vn -0.00000000 1.00000000 -0.00000000
vn 0.38550000 -0.00030000 -0.92270000
vn 0.36320000 0.00030000 -0.93170000
vn 0.38550000 -0.00000000 -0.92270000
vn 0.34080000 -0.00000000 -0.94010000
vn 0.34080000 -0.00030000 -0.94010000
vn 0.38550000 -0.00030000 -0.92270000
vn 0.36320000 0.00030000 -0.93170000
vn -0.00000000 1.00000000 -0.00000000
vn 0.31810000 0.00030000 -0.94800000
vn 0.34080000 -0.00030000 -0.94010000
vn 0.36320000 0.00030000 -0.93170000
vn 0.29530000 -0.00030000 -0.95540000
vn 0.31810000 0.00030000 -0.94800000
vn 0.34080000 -0.00030000 -0.94010000
vn 0.29530000 -0.00000000 -0.95540000
vn 0.34080000 -0.00000000 -0.94010000
vn -0.00000000 1.00000000 -0.00000000
vn 0.29530000 -0.00030000 -0.95540000
vn 0.27230000 0.00030000 -0.96220000
vn 0.31810000 0.00030000 -0.94800000
vn 0.24920000 -0.00000000 -0.96850000
vn 0.29530000 -0.00000000 -0.95540000
vn 0.29530000 -0.00030000 -0.95540000
vn 0.27230000 0.00030000 -0.96220000
vn 0.24920000 -0.00030000 -0.96850000
vn 0.24920000 -0.00030000 -0.96850000
vn 0.27230000 0.00030000 -0.96220000
vn 0.22590000 0.00030000 -0.97420000
vn -0.00000000 1.00000000 -0.00000000
vn 0.24920000 -0.00030000 -0.96850000
vn 0.20240000 -0.00000000 -0.97930000
vn 0.24920000 -0.00000000 -0.96850000
vn 0.20240000 -0.00030000 -0.97930000
vn 0.22590000 0.00030000 -0.97420000
vn 0.20240000 -0.00030000 -0.97930000
vn -0.00000000 1.00000000 -0.00000000
vn 0.17890000 0.00030000 -0.98390000
vn 0.22590000 0.00030000 -0.97420000
vn 0.17890000 0.00030000 -0.98390000
vn 0.15530000 -0.00030000 -0.98790000
vn 0.20240000 -0.00000000 -0.97930000
vn 0.15530000 -0.00000000 -0.98790000
vn 0.20240000 -0.00030000 -0.97930000
vn -0.00000000 1.00000000 -0.00000000
vn 0.15530000 -0.00030000 -0.98790000
vn 0.17890000 0.00030000 -0.98390000
vn 0.13150000 0.00030000 -0.99130000
vn 0.13150000 0.00030000 -0.99130000
vn 0.10770000 -0.00000000 -0.99420000
vn 0.15530000 -0.00030000 -0.98790000
vn 0.10770000 -0.00030000 -0.99420000
vn 0.15530000 -0.00000000 -0.98790000
vn -0.00000000 1.00000000 -0.00000000
vn 0.10770000 -0.00030000 -0.99420000
vn 0.08380000 0.00030000 -0.99650000
vn 0.13150000 0.00030000 -0.99130000
vn 0.10770000 -0.00030000 -0.99420000
vn 0.08380000 0.00030000 -0.99650000
vn 0.05990000 -0.00000000 -0.99820000
vn 0.10770000 -0.00000000 -0.99420000
vn 0.05990000 -0.00030000 -0.99820000
vn -0.00000000 1.00000000 -0.00000000
vn 0.05990000 -0.00030000 -0.99820000
vn 0.03600000 0.00030000 -0.99940000
vn 0.08380000 0.00030000 -0.99650000
vn 0.05990000 -0.00030000 -0.99820000
vn 0.01200000 -0.00000000 -0.99990000
vn 0.01200000 -0.00030000 -0.99990000
vn 0.03600000 0.00030000 -0.99940000
vn 0.05990000 -0.00000000 -0.99820000
vn -0.00000000 1.00000000 -0.00000000
vn 0.01200000 -0.00030000 -0.99990000
vn 0.03600000 0.00030000 -0.99940000
vn -0.01200000 0.00030000 -0.99990000
vn -0.03600000 -0.00000000 -0.99940000
vn -0.03600000 -0.00030000 -0.99940000
vn 0.01200000 -0.00000000 -0.99990000
vn 0.01200000 -0.00030000 -0.99990000
vn -0.01200000 0.00030000 -0.99990000
vn -0.05990000 0.00030000 -0.99820000
vn -0.03600000 -0.00030000 -0.99940000
vn -0.01200000 0.00030000 -0.99990000
vn -0.00000000 1.00000000 -0.00000000
vn -0.08380000 -0.00000000 -0.99650000
vn -0.03600000 -0.00030000 -0.99940000
vn -0.03600000 -0.00000000 -0.99940000
vn -0.05990000 0.00030000 -0.99820000
vn -0.08380000 -0.00030000 -0.99650000
vn -0.00000000 1.00000000 -0.00000000
vn -0.05990000 0.00030000 -0.99820000
vn -0.08380000 -0.00030000 -0.99650000
vn -0.10770000 0.00030000 -0.99420000
vn -0.08380000 -0.00030000 -0.99650000
vn -0.13150000 -0.00000000 -0.99130000
vn -0.13150000 -0.00030000 -0.99130000
vn -0.08380000 -0.00000000 -0.99650000
vn -0.10770000 0.00030000 -0.99420000
vn -0.00000000 1.00000000 -0.00000000
vn -0.13150000 -0.00030000 -0.99130000
vn -0.10770000 0.00030000 -0.99420000
vn -0.15530000 0.00030000 -0.98790000
vn -0.15530000 0.00030000 -0.98790000
vn -0.17890000 -0.00030000 -0.98390000
vn -0.13150000 -0.00030000 -0.99130000
vn -0.17890000 -0.00000000 -0.98390000
vn -0.13150000 -0.00000000 -0.99130000
vn -0.15530000 0.00030000 -0.98790000
vn -0.17890000 -0.00030000 -0.98390000
vn -0.00000000 1.00000000 -0.00000000
vn -0.20240000 0.00030000 -0.97930000
vn -0.20240000 0.00030000 -0.97930000
vn -0.17890000 -0.00000000 -0.98390000
vn -0.22590000 -0.00000000 -0.97420000
vn -0.17890000 -0.00030000 -0.98390000
vn -0.22590000 -0.00030000 -0.97420000
vn -0.24920000 0.00030000 -0.96850000
vn -0.00000000 1.00000000 -0.00000000
vn -0.22590000 -0.00030000 -0.97420000
vn -0.20240000 0.00030000 -0.97930000
vn -0.27230000 -0.00030000 -0.96220000
vn -0.22590000 -0.00000000 -0.97420000
vn -0.27230000 -0.00000000 -0.96220000
vn -0.24920000 0.00030000 -0.96850000
vn -0.22590000 -0.00030000 -0.97420000
vn -0.29530000 0.00030000 -0.95540000
vn -0.27230000 -0.00030000 -0.96220000
vn -0.24920000 0.00030000 -0.96850000
vn -0.00000000 1.00000000 -0.00000000
vn -0.31810000 -0.00030000 -0.94800000
vn -0.29530000 0.00030000 -0.95540000
vn -0.31810000 -0.00000000 -0.94800000
vn -0.27230000 -0.00030000 -0.96220000
vn -0.27230000 -0.00000000 -0.96220000
vn -0.31810000 -0.00030000 -0.94800000
vn -0.29530000 0.00030000 -0.95540000
vn -0.00000000 1.00000000 -0.00000000
vn -0.34080000 0.00030000 -0.94010000
vn -0.34080000 0.00030000 -0.94010000
vn -0.31810000 -0.00030000 -0.94800000
vn -0.36320000 -0.00000000 -0.93170000
vn -0.31810000 -0.00000000 -0.94800000
vn -0.36320000 -0.00030000 -0.93170000
vn -0.38550000 0.00030000 -0.92270000
vn -0.34080000 0.00030000 -0.94010000
vn -0.00000000 1.00000000 -0.00000000
vn -0.36320000 -0.00030000 -0.93170000
vn -0.40750000 -0.00000000 -0.91320000
vn -0.36320000 -0.00000000 -0.93170000
vn -0.36320000 -0.00030000 -0.93170000
vn -0.38550000 0.00030000 -0.92270000
vn -0.40750000 -0.00030000 -0.91320000
vn -0.40750000 -0.00030000 -0.91320000
vn -0.38550000 0.00030000 -0.92270000
vn -0.00000000 1.00000000 -0.00000000
vn -0.42920000 0.00030000 -0.90320000
vn -0.42920000 0.00030000 -0.90320000
vn -0.45080000 -0.00000000 -0.89260000
vn -0.45080000 -0.00030000 -0.89260000
vn -0.40750000 -0.00000000 -0.91320000
vn -0.40750000 -0.00030000 -0.91320000
vn -0.42920000 0.00030000 -0.90320000
vn -0.47210000 0.00030000 -0.88160000
vn -0.45080000 -0.00030000 -0.89260000
vn -0.00000000 1.00000000 -0.00000000
vn -0.45080000 -0.00000000 -0.89260000
vn -0.45080000 -0.00030000 -0.89260000
vn -0.47210000 0.00030000 -0.88160000
vn -0.49310000 -0.00000000 -0.87000000
vn -0.49310000 -0.00030000 -0.87000000
vn -0.00000000 1.00000000 -0.00000000
vn -0.47210000 0.00030000 -0.88160000
vn -0.49310000 -0.00030000 -0.87000000
vn -0.51380000 0.00030000 -0.85790000
vn -0.49310000 -0.00030000 -0.87000000
vn -0.51380000 0.00030000 -0.85790000
vn -0.53420000 -0.00030000 -0.84540000
vn -0.49310000 -0.00000000 -0.87000000
vn -0.53420000 -0.00000000 -0.84540000
vn -0.55430000 0.00030000 -0.83230000
vn -0.51380000 0.00030000 -0.85790000
vn -0.00000000 1.00000000 -0.00000000
vn -0.53420000 -0.00030000 -0.84540000
vn -0.55430000 0.00030000 -0.83230000
vn -0.57410000 -0.00030000 -0.81880000
vn -0.57410000 -0.00000000 -0.81880000
vn -0.53420000 -0.00000000 -0.84540000
vn -0.53420000 -0.00030000 -0.84540000
vn -0.55430000 0.00030000 -0.83230000
vn -0.57410000 -0.00030000 -0.81880000
vn -0.59360000 0.00030000 -0.80480000
vn -0.00000000 1.00000000 -0.00000000
vn -0.57410000 -0.00030000 -0.81880000
vn -0.61270000 -0.00030000 -0.79030000
vn -0.59360000 0.00030000 -0.80480000
vn -0.61270000 -0.00000000 -0.79030000
vn -0.57410000 -0.00000000 -0.81880000
vn -0.61270000 -0.00030000 -0.79030000
vn -0.00000000 1.00000000 -0.00000000
vn -0.59360000 0.00030000 -0.80480000
vn -0.63150000 0.00030000 -0.77540000
vn -0.64990000 -0.00000000 -0.76000000
vn -0.61270000 -0.00000000 -0.79030000
vn -0.61270000 -0.00030000 -0.79030000
vn -0.63150000 0.00030000 -0.77540000
vn -0.64990000 -0.00030000 -0.76000000
vn -0.63150000 0.00030000 -0.77540000
vn -0.64990000 -0.00030000 -0.76000000
vn -0.66790000 0.00030000 -0.74420000
vn -0.00000000 1.00000000 -0.00000000
vn -0.66790000 0.00030000 -0.74420000
vn -0.68560000 -0.00030000 -0.72800000
vn -0.64990000 -0.00000000 -0.76000000
vn -0.68560000 -0.00000000 -0.72800000
vn -0.64990000 -0.00030000 -0.76000000
vn -0.66790000 0.00030000 -0.74420000
vn -0.68560000 -0.00030000 -0.72800000
vn -0.70290000 0.00030000 -0.71130000
vn -0.00000000 1.00000000 -0.00000000
vn -0.68560000 -0.00000000 -0.72800000
vn -0.70290000 0.00030000 -0.71130000
vn -0.71970000 -0.00030000 -0.69430000
vn -0.71970000 -0.00000000 -0.69430000
vn -0.68560000 -0.00030000 -0.72800000
vn -0.00000000 1.00000000 -0.00000000
vn -0.73620000 0.00030000 -0.67680000
vn -0.71970000 -0.00030000 -0.69430000
vn -0.70290000 0.00030000 -0.71130000
vn -0.75220000 -0.00030000 -0.65900000
vn -0.73620000 0.00030000 -0.67680000
vn -0.71970000 -0.00030000 -0.69430000
vn -0.71970000 -0.00000000 -0.69430000
vn -0.75220000 -0.00000000 -0.65900000
vn -0.73620000 0.00030000 -0.67680000
vn -0.75220000 -0.00030000 -0.65900000
vn -0.00000000 1.00000000 -0.00000000
vn -0.76780000 0.00030000 -0.64070000
vn -0.76780000 0.00030000 -0.64070000
vn -0.75220000 -0.00000000 -0.65900000
vn -0.75220000 -0.00030000 -0.65900000
vn -0.78290000 -0.00030000 -0.62220000
vn -0.78290000 -0.00000000 -0.62220000
vn -0.79760000 0.00030000 -0.60320000
vn -0.78290000 -0.00030000 -0.62220000
vn -0.76780000 0.00030000 -0.64070000
vn -0.00000000 1.00000000 -0.00000000
vn -0.81180000 -0.00000000 -0.58390000
vn -0.78290000 -0.00000000 -0.62210000
vn -0.79760000 0.00030000 -0.60320000
vn -0.81180000 -0.00030000 -0.58390000
vn -0.78290000 -0.00030000 -0.62220000
vn -0.78290000 -0.00000000 -0.62220000
vn -0.79760000 0.00030000 -0.60320000
vn -0.81180000 -0.00030000 -0.58390000
vn -0.82560000 0.00030000 -0.56430000
vn -0.00000000 1.00000000 -0.00000000
vn -0.81180000 -0.00030000 -0.58390000
vn -0.81180000 -0.00000000 -0.58390000
vn -0.83890000 -0.00000000 -0.54430000
vn -0.82560000 0.00030000 -0.56430000
vn -0.83890000 -0.00030000 -0.54430000
vn -0.82560000 0.00030000 -0.56430000
vn -0.83890000 -0.00030000 -0.54430000
vn -0.85170000 0.00030000 -0.52400000
vn -0.00000000 1.00000000 -0.00000000
vn -0.83890000 -0.00030000 -0.54430000
vn -0.86400000 -0.00030000 -0.50350000
vn -0.85170000 0.00030000 -0.52400000
vn -0.86400000 -0.00000000 -0.50350000
vn -0.83890000 -0.00000000 -0.54430000
vn -0.87580000 0.00030000 -0.48260000
vn -0.86400000 -0.00030000 -0.50350000
vn -0.85170000 0.00030000 -0.52400000
vn -0.00000000 1.00000000 -0.00000000
vn -0.86400000 -0.00000000 -0.50350000
vn -0.88720000 -0.00000000 -0.46150000
vn -0.86400000 -0.00030000 -0.50350000
vn -0.87580000 0.00030000 -0.48260000
vn -0.88720000 -0.00030000 -0.46150000
vn -0.00000000 1.00000000 -0.00000000
vn -0.87580000 0.00030000 -0.48260000
vn -0.88720000 -0.00030000 -0.46150000
vn -0.89800000 0.00030000 -0.44000000
vn -0.90830000 -0.00000000 -0.41840000
vn -0.88720000 -0.00000000 -0.46150000
vn -0.90830000 -0.00030000 -0.41840000
vn -0.88720000 -0.00030000 -0.46150000
vn -0.89800000 0.00030000 -0.44000000
vn -0.89800000 0.00030000 -0.44000000
vn -0.90830000 -0.00030000 -0.41840000
vn -0.91800000 0.00030000 -0.39650000
vn -0.00000000 1.00000000 -0.00000000
vn -0.90830000 -0.00030000 -0.41840000
vn -0.91800000 0.00030000 -0.39650000
vn -0.92730000 -0.00030000 -0.37440000
vn -0.92730000 -0.00000000 -0.37440000
vn -0.90830000 -0.00000000 -0.41840000
vn -0.00000000 1.00000000 -0.00000000
vn -0.93600000 0.00030000 -0.35200000
vn -0.92730000 -0.00030000 -0.37440000
vn -0.91800000 0.00030000 -0.39650000
vn -0.94420000 -0.00000000 -0.32950000
vn -0.94420000 -0.00030000 -0.32950000
vn -0.92730000 -0.00000000 -0.37440000
vn -0.93600000 0.00030000 -0.35200000
vn -0.92730000 -0.00030000 -0.37440000
vn -0.94420000 -0.00030000 -0.32950000
vn -0.95180000 0.00030000 -0.30670000
vn -0.00000000 1.00000000 -0.00000000
vn -0.93600000 0.00030000 -0.35200000
vn -0.94420000 -0.00030000 -0.32950000
vn -0.95180000 0.00030000 -0.30670000
vn -0.94420000 -0.00000000 -0.32950000
vn -0.95890000 -0.00030000 -0.28380000
vn -0.95890000 -0.00000000 -0.28380000
vn -0.95890000 -0.00030000 -0.28380000
vn -0.96540000 0.00030000 -0.26070000
vn -0.00000000 1.00000000 -0.00000000
vn -0.95180000 0.00030000 -0.30670000
vn -0.95890000 -0.00000000 -0.28380000
vn -0.97140000 -0.00000000 -0.23750000
vn -0.97140000 -0.00030000 -0.23750000
vn -0.96540000 0.00030000 -0.26070000
vn -0.95890000 -0.00030000 -0.28380000
vn -0.97680000 0.00030000 -0.21420000
vn -0.97140000 -0.00030000 -0.23750000
vn -0.00000000 1.00000000 -0.00000000
vn -0.96540000 0.00030000 -0.26070000
vn -0.98170000 -0.00030000 -0.19070000
vn -0.97140000 -0.00030000 -0.23750000
vn -0.97680000 0.00030000 -0.21420000
vn -0.98170000 -0.00000000 -0.19070000
vn -0.97140000 -0.00000000 -0.23750000
vn -0.00000000 1.00000000 -0.00000000
vn -0.97680000 0.00030000 -0.21420000
vn -0.98170000 -0.00030000 -0.19070000
vn -0.98590000 0.00030000 -0.16710000
vn -0.98970000 -0.00000000 -0.14340000
vn -0.98170000 -0.00000000 -0.19070000
vn -0.98170000 -0.00030000 -0.19070000
vn -0.98590000 0.00030000 -0.16710000
vn -0.98970000 -0.00030000 -0.14340000
vn -0.98590000 0.00030000 -0.16710000
vn -0.00000000 1.00000000 -0.00000000
vn -0.98970000 -0.00030000 -0.14340000
vn -0.99280000 0.00030000 -0.11960000
vn -0.99540000 -0.00030000 -0.09580000
vn -0.98970000 -0.00030000 -0.14340000
vn -0.98970000 -0.00000000 -0.14340000
vn -0.99280000 0.00030000 -0.11960000
vn -0.99540000 -0.00000000 -0.09580000
vn -0.99540000 -0.00030000 -0.09580000
vn -0.00000000 1.00000000 -0.00000000
vn -0.99280000 0.00030000 -0.11960000
vn -0.99740000 0.00030000 -0.07190000
vn -0.99740000 0.00030000 -0.07190000
vn -0.99540000 -0.00030000 -0.09580000
vn -0.99890000 -0.00000000 -0.04790000
vn -0.99540000 -0.00000000 -0.09580000
vn -0.99890000 -0.00030000 -0.04790000
vn -0.99890000 0.00030000 0.04790000
vn -0.99970000 -0.00030000 0.02400000
vn -0.99740000 -0.00030000 0.07190000
vn -0.00000000 1.00000000 -0.00000000
vn -0.99970000 -0.00030000 0.02400000
vn -1.00000000 0.00030000 -0.00000000
vn -1.00000000 -0.00000000 -0.00000000
vn -0.99890000 0.00030000 0.04790000
vn -0.99890000 -0.00000000 0.04790000
vn -0.99880000 -0.00000000 0.04790000
vn -0.99970000 -0.00030000 -0.02400000
vn -0.99970000 -0.00030000 0.02400000
vn -0.00000000 1.00000000 -0.00000000
vn -1.00000000 0.00030000 -0.00000000
vn -1.00000000 -0.00000000 -0.00000000
vn -0.99970000 -0.00030000 -0.02400000
vn -0.99880000 -0.00000000 -0.04790000
vn -1.00000000 0.00030000 -0.00000000
vn -0.99890000 0.00030000 -0.04790000
vn -0.99970000 -0.00030000 -0.02400000
vn -0.99890000 0.00030000 -0.04790000
vn -0.99740000 -0.00030000 -0.07190000
vn -0.00000000 1.00000000 -0.00000000
vn -0.99890000 0.00030000 -0.04790000
vn -0.99540000 -0.00000000 -0.09580000
vn -0.99740000 -0.00030000 -0.07190000
vn -0.99890000 -0.00000000 -0.04790000
vn -0.99540000 0.00030000 -0.09580000
vn -0.99880000 -0.00000000 -0.04790000
vn -0.00000000 1.00000000 -0.00000000
vn -0.99740000 -0.00030000 -0.07190000
vn -0.99280000 -0.00030000 -0.11960000
vn -0.99540000 0.00030000 -0.09580000
vn -0.99540000 0.00030000 -0.09580000
vn -0.99540000 -0.00000000 -0.09580000
vn -0.99280000 -0.00030000 -0.11960000
vn -0.98970000 0.00030000 -0.14340000
vn -0.98970000 -0.00000000 -0.14340000
vn -0.00000000 1.00000000 -0.00000000
vn -0.98590000 -0.00030000 -0.16710000
vn -0.99280000 -0.00030000 -0.11960000
vn -0.98970000 0.00030000 -0.14340000
vn -0.98590000 -0.00030000 -0.16710000
vn -0.98970000 -0.00000000 -0.14340000
vn -0.98170000 -0.00000000 -0.19070000
vn -0.98970000 0.00030000 -0.14340000
vn -0.98170000 0.00030000 -0.19070000
vn -0.00000000 1.00000000 -0.00000000
vn -0.97680000 -0.00030000 -0.21420000
vn -0.98590000 -0.00030000 -0.16710000
vn -0.98170000 0.00030000 -0.19070000
vn -0.98170000 0.00030000 -0.19070000
vn -0.97680000 -0.00030000 -0.21420000
vn -0.97140000 -0.00000000 -0.23750000
vn -0.98170000 -0.00000000 -0.19070000
vn -0.97140000 0.00030000 -0.23750000
vn -0.00000000 1.00000000 -0.00000000
vn -0.97140000 0.00030000 -0.23750000
vn -0.96540000 -0.00030000 -0.26070000
vn -0.97680000 -0.00030000 -0.21420000
vn -0.97140000 0.00030000 -0.23750000
vn -0.96540000 -0.00030000 -0.26070000
vn -0.95890000 -0.00000000 -0.28380000
vn -0.95890000 0.00030000 -0.28380000
vn -0.97140000 -0.00000000 -0.23750000
vn -0.96540000 -0.00030000 -0.26070000
vn -0.95890000 0.00030000 -0.28380000
vn -0.95180000 -0.00030000 -0.30670000
vn -0.00000000 1.00000000 -0.00000000
vn -0.95890000 -0.00000000 -0.28380000
vn -0.94420000 -0.00000000 -0.32950000
vn -0.94420000 0.00030000 -0.32950000
vn -0.95180000 -0.00030000 -0.30670000
vn -0.95890000 0.00030000 -0.28380000
vn -0.95180000 -0.00030000 -0.30670000
vn -0.00000000 1.00000000 -0.00000000
vn -0.93600000 -0.00030000 -0.35200000
vn -0.94420000 0.00030000 -0.32950000
vn -0.94420000 -0.00000000 -0.32950000
vn -0.93600000 -0.00030000 -0.35200000
vn -0.94420000 0.00030000 -0.32950000
vn -0.92730000 0.00030000 -0.37440000
vn -0.92730000 -0.00000000 -0.37440000
vn -0.91800000 -0.00030000 -0.39650000
vn -0.93600000 -0.00030000 -0.35200000
vn -0.92730000 0.00030000 -0.37440000
vn -0.00000000 1.00000000 -0.00000000
vn -0.92730000 0.00030000 -0.37440000
vn -0.90830000 -0.00000000 -0.41840000
vn -0.91800000 -0.00030000 -0.39650000
vn -0.90830000 0.00030000 -0.41840000
vn -0.92730000 -0.00000000 -0.37440000
vn -0.90830000 0.00030000 -0.41840000
vn -0.91800000 -0.00030000 -0.39650000
vn -0.00000000 1.00000000 -0.00000000
vn -0.89800000 -0.00030000 -0.44000000
vn -0.88720000 0.00030000 -0.46150000
vn -0.89800000 -0.00030000 -0.44000000
vn -0.90830000 -0.00000000 -0.41840000
vn -0.90830000 0.00030000 -0.41840000
vn -0.88720000 -0.00000000 -0.46150000
vn -0.88720000 0.00030000 -0.46150000
vn -0.87580000 -0.00030000 -0.48260000
vn -0.89800000 -0.00030000 -0.44000000
vn -0.00000000 1.00000000 -0.00000000
vn -0.88720000 0.00030000 -0.46150000
vn -0.87580000 -0.00030000 -0.48260000
vn -0.86400000 -0.00000000 -0.50350000
vn -0.86400000 0.00030000 -0.50350000
vn -0.88720000 -0.00000000 -0.46150000
vn -0.00000000 1.00000000 -0.00000000
vn -0.87580000 -0.00030000 -0.48260000
vn -0.86400000 0.00030000 -0.50350000
vn -0.85170000 -0.00030000 -0.52400000
vn -0.83890000 -0.00000000 -0.54430000
vn -0.86400000 -0.00000000 -0.50350000
vn -0.86400000 0.00030000 -0.50350000
vn -0.85170000 -0.00030000 -0.52400000
vn -0.83890000 0.00030000 -0.54430000
vn -0.83890000 0.00030000 -0.54430000
vn -0.00000000 1.00000000 -0.00000000
vn -0.82560000 -0.00030000 -0.56430000
vn -0.85170000 -0.00030000 -0.52400000
vn -0.83890000 0.00030000 -0.54430000
vn -0.82560000 -0.00030000 -0.56430000
vn -0.81180000 0.00030000 -0.58390000
vn -0.83890000 -0.00000000 -0.54430000
vn -0.81180000 -0.00000000 -0.58390000
vn -0.81180000 0.00030000 -0.58390000
vn -0.79760000 -0.00030000 -0.60320000
vn -0.82560000 -0.00030000 -0.56430000
vn -0.00000000 1.00000000 -0.00000000
vn -0.78290000 0.00030000 -0.62220000
vn -0.79760000 -0.00030000 -0.60320000
vn -0.81180000 0.00030000 -0.58390000
vn -0.78290000 -0.00000000 -0.62210000
vn -0.81180000 -0.00000000 -0.58390000
vn -0.78290000 0.00030000 -0.62220000
vn -0.76780000 -0.00030000 -0.64070000
vn -0.00000000 1.00000000 -0.00000000
vn -0.79760000 -0.00030000 -0.60320000
vn -0.76780000 -0.00030000 -0.64070000
vn -0.78290000 0.00030000 -0.62220000
vn -0.78290000 -0.00000000 -0.62210000
vn -0.78290000 -0.00000000 -0.62220000
vn -0.75220000 0.00030000 -0.65900000
vn -0.75220000 -0.00000000 -0.65900000
vn -0.73620000 -0.00030000 -0.67680000
vn -0.75220000 0.00030000 -0.65900000
vn -0.76780000 -0.00030000 -0.64070000
vn -0.00000000 1.00000000 -0.00000000
vn -0.75220000 -0.00000000 -0.65900000
vn -0.71970000 0.00030000 -0.69430000
vn -0.73620000 -0.00030000 -0.67680000
vn -0.75220000 0.00030000 -0.65900000
vn -0.71970000 -0.00000000 -0.69430000
vn -0.71970000 0.00030000 -0.69430000
vn -0.00000000 1.00000000 -0.00000000
vn -0.73620000 -0.00030000 -0.67680000
vn -0.70290000 -0.00030000 -0.71130000
vn -0.71970000 -0.00000000 -0.69430000
vn -0.68560000 0.00030000 -0.72800000
vn -0.68560000 -0.00000000 -0.72800000
vn -0.71970000 0.00030000 -0.69430000
vn -0.70290000 -0.00030000 -0.71130000
vn -0.66790000 -0.00030000 -0.74420000
vn -0.68560000 0.00030000 -0.72800000
vn -0.00000000 1.00000000 -0.00000000
vn -0.70290000 -0.00030000 -0.71130000
vn -0.66790000 -0.00030000 -0.74420000
vn -0.68560000 0.00030000 -0.72800000
vn -0.64990000 0.00030000 -0.76000000
vn -0.64990000 -0.00000000 -0.76000000
vn -0.68560000 -0.00000000 -0.72800000
vn -0.00000000 1.00000000 -0.00000000
vn -0.66790000 -0.00030000 -0.74420000
vn -0.63150000 -0.00030000 -0.77540000
vn -0.64990000 0.00030000 -0.76000000
vn -0.61270000 0.00030000 -0.79030000
vn -0.63150000 -0.00030000 -0.77540000
vn -0.61270000 -0.00000000 -0.79030000
vn -0.64990000 -0.00000000 -0.76000000
vn -0.64990000 0.00030000 -0.76000000
vn -0.00000000 1.00000000 -0.00000000
vn -0.63150000 -0.00030000 -0.77540000
vn -0.61270000 0.00030000 -0.79030000
vn -0.59360000 -0.00030000 -0.80480000
vn -0.57410000 -0.00000000 -0.81880000
vn -0.59360000 -0.00030000 -0.80480000
vn -0.57410000 0.00030000 -0.81880000
vn -0.61270000 -0.00000000 -0.79030000
vn -0.61270000 0.00030000 -0.79030000
vn -0.59360000 -0.00030000 -0.80480000
vn -0.00000000 1.00000000 -0.00000000
vn -0.55430000 -0.00030000 -0.83230000
vn -0.57410000 0.00030000 -0.81880000
vn -0.57410000 0.00030000 -0.81880000
vn -0.55430000 -0.00030000 -0.83230000
vn -0.53420000 0.00030000 -0.84540000
vn -0.57410000 -0.00000000 -0.81880000
vn -0.53420000 -0.00000000 -0.84540000
vn -0.00000000 1.00000000 -0.00000000
vn -0.55430000 -0.00030000 -0.83230000
vn -0.53420000 0.00030000 -0.84540000
vn -0.51380000 -0.00030000 -0.85790000
vn -0.53420000 0.00030000 -0.84540000
vn -0.51380000 -0.00030000 -0.85790000
vn -0.49310000 0.00030000 -0.87000000
vn -0.49310000 -0.00000000 -0.87000000
vn -0.53420000 -0.00000000 -0.84540000
vn -0.00000000 1.00000000 -0.00000000
vn -0.47210000 -0.00030000 -0.88160000
vn -0.49310000 0.00030000 -0.87000000
vn -0.51380000 -0.00030000 -0.85790000
vn -0.49310000 -0.00000000 -0.87000000
vn -0.47210000 -0.00030000 -0.88160000
vn -0.45080000 -0.00000000 -0.89260000
vn -0.49310000 0.00030000 -0.87000000
vn -0.45080000 0.00030000 -0.89260000
vn -0.00000000 1.00000000 -0.00000000
vn -0.42920000 -0.00030000 -0.90320000
vn -0.45080000 0.00030000 -0.89260000
vn -0.47210000 -0.00030000 -0.88160000
vn -0.42920000 -0.00030000 -0.90320000
vn -0.40750000 0.00030000 -0.91320000
vn -0.40750000 -0.00000000 -0.91320000
vn -0.45080000 -0.00000000 -0.89260000
vn -0.45080000 0.00030000 -0.89260000
vn -0.42920000 -0.00030000 -0.90320000
vn -0.40750000 0.00030000 -0.91320000
vn -0.38550000 -0.00030000 -0.92270000
vn -0.00000000 1.00000000 -0.00000000
vn -0.36320000 0.00030000 -0.93170000
vn -0.40750000 0.00030000 -0.91320000
vn -0.40750000 -0.00000000 -0.91320000
vn -0.36320000 -0.00000000 -0.93170000
vn -0.38550000 -0.00030000 -0.92270000
vn -0.34080000 -0.00030000 -0.94010000
vn -0.36320000 0.00030000 -0.93170000
vn -0.00000000 1.00000000 -0.00000000
vn -0.38550000 -0.00030000 -0.92270000
vn -0.36320000 -0.00000000 -0.93170000
vn -0.31810000 -0.00000000 -0.94800000
vn -0.31810000 0.00030000 -0.94800000
vn -0.34080000 -0.00030000 -0.94010000
vn -0.36320000 0.00030000 -0.93170000
vn -0.34080000 -0.00030000 -0.94010000
vn -0.31810000 0.00030000 -0.94800000
vn -0.29530000 -0.00030000 -0.95540000
vn -0.00000000 1.00000000 -0.00000000
vn -0.29530000 -0.00030000 -0.95540000
vn -0.27230000 0.00030000 -0.96220000
vn -0.31810000 0.00030000 -0.94800000
vn -0.31810000 -0.00000000 -0.94800000
vn -0.27230000 -0.00000000 -0.96220000
vn -0.00000000 1.00000000 -0.00000000
vn -0.24920000 -0.00030000 -0.96850000
vn -0.27230000 0.00030000 -0.96220000
vn -0.29530000 -0.00030000 -0.95540000
vn -0.22590000 0.00030000 -0.97420000
vn -0.24920000 -0.00030000 -0.96850000
vn -0.27230000 -0.00000000 -0.96220000
vn -0.22590000 -0.00000000 -0.97420000
vn -0.27230000 0.00030000 -0.96220000
vn -0.00000000 1.00000000 -0.00000000
vn -0.20240000 -0.00030000 -0.97930000
vn -0.22590000 0.00030000 -0.97420000
vn -0.24920000 -0.00030000 -0.96850000
vn -0.17890000 0.00030000 -0.98390000
vn -0.17890000 -0.00000000 -0.98390000
vn -0.22590000 -0.00000000 -0.97420000
vn -0.20240000 -0.00030000 -0.97930000
vn -0.22590000 0.00030000 -0.97420000
vn -0.17890000 0.00030000 -0.98390000
vn -0.15530000 -0.00030000 -0.98790000
vn -0.20240000 -0.00030000 -0.97930000
vn -0.00000000 1.00000000 -0.00000000
vn -0.13150000 0.00030000 -0.99130000
vn -0.15530000 -0.00030000 -0.98790000
vn -0.17890000 0.00030000 -0.98390000
vn -0.13150000 -0.00000000 -0.99130000
vn -0.17890000 -0.00000000 -0.98390000
vn -0.13150000 0.00030000 -0.99130000
vn -0.10770000 -0.00030000 -0.99420000
vn -0.15530000 -0.00030000 -0.98790000
vn -0.00000000 1.00000000 -0.00000000
vn -0.13150000 -0.00000000 -0.99130000
vn -0.08380000 -0.00000000 -0.99650000
vn -0.13150000 0.00030000 -0.99130000
vn -0.10770000 -0.00030000 -0.99420000
vn -0.08380000 0.00030000 -0.99650000
vn -0.00000000 1.00000000 -0.00000000
vn -0.10770000 -0.00030000 -0.99420000
vn -0.08380000 0.00030000 -0.99650000
vn -0.05990000 -0.00030000 -0.99820000
vn -0.05990000 -0.00030000 -0.99820000
vn -0.03600000 0.00030000 -0.99940000
vn -0.08380000 -0.00000000 -0.99650000
vn -0.08380000 0.00030000 -0.99650000
vn -0.03600000 -0.00000000 -0.99940000
vn -0.05990000 -0.00030000 -0.99820000
vn -0.01200000 -0.00030000 -0.99990000
vn -0.00000000 1.00000000 -0.00000000
vn -0.03600000 0.00030000 -0.99940000
vn -0.03600000 0.00030000 -0.99940000
vn 0.01200000 -0.00000000 -0.99990000
vn -0.03600000 -0.00000000 -0.99940000
vn 0.01200000 0.00030000 -0.99990000
vn -0.01200000 -0.00030000 -0.99990000
vn -0.00000000 1.00000000 -0.00000000
vn -0.01200000 -0.00030000 -0.99990000
vn 0.01200000 0.00030000 -0.99990000
vn 0.03600000 -0.00030000 -0.99940000
vn 0.01200000 0.00030000 -0.99990000
vn 0.01200000 -0.00000000 -0.99990000
vn 0.05990000 -0.00000000 -0.99820000
vn 0.05990000 0.00030000 -0.99820000
vn 0.03600000 -0.00030000 -0.99940000
vn 0.08380000 -0.00030000 -0.99650000
vn 0.05990000 0.00030000 -0.99820000
vn -0.00000000 1.00000000 -0.00000000
vn 0.03600000 -0.00030000 -0.99940000
vn 0.08380000 -0.00030000 -0.99650000
vn 0.10770000 -0.00000000 -0.99420000
vn 0.05990000 -0.00000000 -0.99820000
vn 0.10770000 0.00030000 -0.99420000
vn 0.05990000 0.00030000 -0.99820000
vn -0.00000000 1.00000000 -0.00000000
vn 0.08380000 -0.00030000 -0.99650000
vn 0.10770000 0.00030000 -0.99420000
vn 0.13150000 -0.00030000 -0.99130000
vn 0.15530000 -0.00000000 -0.98790000
vn 0.10770000 -0.00000000 -0.99420000
vn 0.13150000 -0.00030000 -0.99130000
vn 0.15530000 0.00030000 -0.98790000
vn 0.10770000 0.00030000 -0.99420000
vn -0.00000000 1.00000000 -0.00000000
vn 0.15530000 0.00030000 -0.98790000
vn 0.13150000 -0.00030000 -0.99130000
vn 0.17890000 -0.00030000 -0.98390000
vn 0.15530000 -0.00000000 -0.98790000
vn 0.20240000 0.00030000 -0.97930000
vn 0.17890000 -0.00030000 -0.98390000
vn 0.15530000 0.00030000 -0.98790000
vn 0.20240000 -0.00000000 -0.97930000
vn 0.20240000 0.00030000 -0.97930000
vn 0.22590000 -0.00030000 -0.97420000
vn -0.00000000 1.00000000 -0.00000000
vn 0.17890000 -0.00030000 -0.98390000
vn 0.24920000 -0.00000000 -0.96850000
vn 0.20240000 0.00030000 -0.97930000
vn 0.24920000 0.00030000 -0.96850000
vn 0.22590000 -0.00030000 -0.97420000
vn 0.20240000 -0.00000000 -0.97930000
vn -0.00000000 1.00000000 -0.00000000
vn 0.27230000 -0.00030000 -0.96220000
vn 0.24920000 0.00030000 -0.96850000
vn 0.22590000 -0.00030000 -0.97420000
vn 0.29530000 -0.00000000 -0.95540000
vn 0.27230000 -0.00030000 -0.96220000
vn 0.29530000 0.00030000 -0.95540000
vn 0.24920000 0.00030000 -0.96850000
vn 0.24920000 -0.00000000 -0.96850000
vn 0.27230000 -0.00030000 -0.96220000
vn -0.00000000 1.00000000 -0.00000000
vn 0.31810000 -0.00030000 -0.94800000
vn 0.29530000 0.00030000 -0.95540000
vn 0.29530000 -0.00000000 -0.95540000
vn 0.34080000 -0.00000000 -0.94010000
vn 0.29530000 0.00030000 -0.95540000
vn 0.31810000 -0.00030000 -0.94800000
vn 0.34080000 0.00030000 -0.94010000
vn -0.00000000 1.00000000 -0.00000000
vn 0.31810000 -0.00030000 -0.94800000
vn 0.34080000 0.00030000 -0.94010000
vn 0.36320000 -0.00030000 -0.93170000
vn 0.38550000 -0.00000000 -0.92270000
vn 0.38550000 0.00030000 -0.92270000
vn 0.34080000 -0.00000000 -0.94010000
vn 0.34080000 0.00030000 -0.94010000
vn 0.36320000 -0.00030000 -0.93170000
vn 0.36320000 -0.00030000 -0.93170000
vn 0.38550000 0.00030000 -0.92270000
vn -0.00000000 1.00000000 -0.00000000
vn 0.40750000 -0.00030000 -0.91320000
vn 0.38550000 -0.00000000 -0.92270000
vn 0.42920000 0.00030000 -0.90320000
vn 0.42920000 -0.00000000 -0.90320000
vn 0.38550000 0.00030000 -0.92270000
vn 0.40750000 -0.00030000 -0.91320000
vn 0.45080000 -0.00030000 -0.89260000
vn 0.42920000 0.00030000 -0.90320000
vn -0.00000000 1.00000000 -0.00000000
vn 0.40750000 -0.00030000 -0.91320000
vn 0.45080000 -0.00030000 -0.89260000
vn 0.42920000 -0.00000000 -0.90320000
vn 0.47210000 -0.00000000 -0.88160000
vn 0.47210000 0.00030000 -0.88160000
vn 0.42920000 0.00030000 -0.90320000
vn 0.47210000 0.00030000 -0.88160000
vn -0.00000000 1.00000000 -0.00000000
vn 0.45080000 -0.00030000 -0.89260000
vn 0.49310000 -0.00030000 -0.87000000
vn 0.51380000 -0.00000000 -0.85790000
vn 0.47210000 0.00030000 -0.88160000
vn 0.47210000 -0.00000000 -0.88160000
vn 0.49310000 -0.00030000 -0.87000000
vn 0.51380000 0.00030000 -0.85790000
vn 0.49310000 -0.00030000 -0.87000000
vn -0.00000000 1.00000000 -0.00000000
vn 0.51380000 0.00030000 -0.85790000
vn 0.53420000 -0.00030000 -0.84540000
vn 0.53420000 -0.00030000 -0.84540000
vn 0.55430000 0.00030000 -0.83230000
vn 0.51380000 -0.00000000 -0.85790000
vn 0.55430000 -0.00000000 -0.83230000
vn 0.51380000 0.00030000 -0.85790000
vn 0.53420000 -0.00030000 -0.84540000
vn 0.55430000 0.00030000 -0.83230000
vn 0.57410000 -0.00030000 -0.81880000
vn -0.00000000 1.00000000 -0.00000000
vn 0.55430000 -0.00000000 -0.83230000
vn 0.59360000 -0.00000000 -0.80480000
vn 0.55430000 0.00030000 -0.83230000
vn 0.57410000 -0.00030000 -0.81880000
vn 0.59360000 0.00030000 -0.80480000
vn -0.00000000 1.00000000 -0.00000000
vn 0.61270000 -0.00030000 -0.79030000
vn 0.57410000 -0.00030000 -0.81880000
vn 0.59360000 0.00030000 -0.80480000
vn 0.61270000 -0.00030000 -0.79030000
vn 0.63150000 -0.00000000 -0.77540000
vn 0.59360000 -0.00000000 -0.80480000
vn 0.63150000 0.00030000 -0.77540000
vn 0.59360000 0.00030000 -0.80480000
vn 0.61270000 -0.00030000 -0.79030000
vn -0.00000000 1.00000000 -0.00000000
vn 0.64990000 -0.00030000 -0.76000000
vn 0.63150000 0.00030000 -0.77540000
vn 0.66790000 -0.00000000 -0.74420000
vn 0.63150000 -0.00000000 -0.77540000
vn 0.64990000 -0.00030000 -0.76000000
vn 0.63150000 0.00030000 -0.77540000
vn 0.66790000 0.00030000 -0.74420000
vn 0.66790000 0.00030000 -0.74420000
vn -0.00000000 1.00000000 -0.00000000
vn 0.68560000 -0.00030000 -0.72800000
vn 0.64990000 -0.00030000 -0.76000000
vn 0.66790000 0.00030000 -0.74420000
vn 0.70290000 -0.00000000 -0.71130000
vn 0.66790000 -0.00000000 -0.74420000
vn 0.68560000 -0.00030000 -0.72800000
vn 0.70290000 0.00030000 -0.71130000
vn 0.68560000 -0.00030000 -0.72800000
vn 0.70290000 0.00030000 -0.71130000
vn 0.71970000 -0.00030000 -0.69430000
vn -0.00000000 1.00000000 -0.00000000
vn 0.70290000 -0.00000000 -0.71130000
vn 0.70290000 0.00030000 -0.71130000
vn 0.71970000 -0.00030000 -0.69430000
vn 0.73620000 0.00030000 -0.67680000
vn 0.73610000 -0.00000000 -0.67680000
vn 0.71970000 -0.00030000 -0.69430000
vn 0.73620000 0.00030000 -0.67680000
vn 0.75220000 -0.00030000 -0.65900000
vn -0.00000000 1.00000000 -0.00000000
vn 0.76780000 0.00030000 -0.64070000
vn 0.73620000 0.00030000 -0.67680000
vn 0.73610000 -0.00000000 -0.67680000
vn 0.76780000 -0.00000000 -0.64070000
vn 0.75220000 -0.00030000 -0.65900000
vn 0.73620000 -0.00000000 -0.67680000
vn 0.75220000 -0.00030000 -0.65900000
vn 0.78290000 -0.00030000 -0.62220000
vn 0.76780000 0.00030000 -0.64070000
vn -0.00000000 1.00000000 -0.00000000
vn 0.79760000 -0.00000000 -0.60320000
vn 0.76780000 -0.00000000 -0.64070000
vn 0.78290000 -0.00030000 -0.62220000
vn 0.76780000 0.00030000 -0.64070000
vn 0.79760000 0.00030000 -0.60320000
vn -0.00000000 1.00000000 -0.00000000
vn 0.79760000 0.00030000 -0.60320000
vn 0.81180000 -0.00030000 -0.58390000
vn 0.78290000 -0.00030000 -0.62220000
vn 0.82560000 0.00030000 -0.56430000
vn 0.81180000 -0.00030000 -0.58390000
vn 0.79760000 0.00030000 -0.60320000
vn 0.82560000 -0.00000000 -0.56430000
vn 0.79760000 -0.00000000 -0.60320000
vn -0.00000000 1.00000000 -0.00000000
vn 0.82560000 0.00030000 -0.56430000
vn 0.81180000 -0.00030000 -0.58390000
vn 0.83890000 -0.00030000 -0.54430000
vn 0.85170000 0.00030000 -0.52400000
vn 0.82560000 -0.00000000 -0.56430000
vn 0.85170000 -0.00000000 -0.52400000
vn 0.82560000 0.00030000 -0.56430000
vn 0.83890000 -0.00030000 -0.54430000
vn 0.86400000 -0.00030000 -0.50350000
vn -0.00000000 1.00000000 -0.00000000
vn 0.85170000 0.00030000 -0.52400000
vn 0.83890000 -0.00030000 -0.54430000
vn 0.87580000 -0.00000000 -0.48260000
vn 0.86400000 -0.00030000 -0.50350000
vn 0.87580000 0.00030000 -0.48260000
vn 0.85170000 -0.00000000 -0.52400000
vn 0.85170000 0.00030000 -0.52400000
vn 0.88720000 -0.00030000 -0.46150000
vn 0.86400000 -0.00030000 -0.50350000
vn 0.87580000 0.00030000 -0.48260000
vn -0.00000000 1.00000000 -0.00000000
vn 0.87580000 -0.00000000 -0.48260000
vn 0.87580000 0.00030000 -0.48260000
vn 0.89800000 -0.00000000 -0.44000000
vn 0.88720000 -0.00030000 -0.46150000
vn 0.89800000 0.00030000 -0.44000000
vn -0.00000000 1.00000000 -0.00000000
vn 0.88720000 -0.00030000 -0.46150000
vn 0.90830000 -0.00030000 -0.41840000
vn 0.89800000 0.00030000 -0.44000000
vn 0.91800000 0.00030000 -0.39650000
vn 0.90830000 -0.00030000 -0.41840000
vn 0.89800000 -0.00000000 -0.44000000
vn 0.91800000 -0.00000000 -0.39650000
vn 0.89800000 0.00030000 -0.44000000
vn 0.90830000 -0.00030000 -0.41840000
vn -0.00000000 1.00000000 -0.00000000
vn 0.91800000 0.00030000 -0.39650000
vn 0.92730000 -0.00030000 -0.37440000
vn 0.91800000 -0.00000000 -0.39650000
vn 0.91800000 0.00030000 -0.39650000
vn 0.93600000 -0.00000000 -0.35200000
vn 0.92730000 -0.00030000 -0.37440000
vn 0.93600000 0.00030000 -0.35200000
vn 0.92730000 -0.00030000 -0.37440000
vn 0.93600000 0.00030000 -0.35200000
vn -0.00000000 1.00000000 -0.00000000
vn 0.94420000 -0.00030000 -0.32950000
vn 0.94420000 -0.00030000 -0.32950000
vn 0.93600000 0.00030000 -0.35200000
vn 0.95180000 -0.00000000 -0.30670000
vn 0.95180000 0.00030000 -0.30670000
vn 0.93600000 -0.00000000 -0.35200000
vn 0.94420000 -0.00030000 -0.32950000
vn 0.95180000 0.00030000 -0.30670000
vn -0.00000000 1.00000000 -0.00000000
vn 0.95890000 -0.00030000 -0.28380000
vn 0.95180000 0.00030000 -0.30670000
vn 0.96540000 0.00030000 -0.26070000
vn 0.96540000 -0.00000000 -0.26070000
vn 0.95890000 -0.00030000 -0.28380000
vn 0.95180000 -0.00000000 -0.30670000
vn -0.00000000 1.00000000 -0.00000000
vn 0.97140000 -0.00030000 -0.23750000
vn 0.95890000 -0.00030000 -0.28380000
vn 0.96540000 0.00030000 -0.26070000
vn 0.96540000 0.00030000 -0.26070000
vn 0.97680000 0.00030000 -0.21420000
vn 0.97140000 -0.00030000 -0.23750000
vn 0.97680000 -0.00000000 -0.21420000
vn 0.96540000 -0.00000000 -0.26070000
vn -0.00000000 1.00000000 -0.00000000
vn 0.97140000 -0.00030000 -0.23750000
vn 0.98170000 -0.00030000 -0.19070000
vn 0.97680000 0.00030000 -0.21420000
vn 0.97680000 -0.00000000 -0.21420000
vn 0.98170000 -0.00030000 -0.19070000
vn 0.98590000 -0.00000000 -0.16710000
vn 0.98590000 0.00030000 -0.16710000
vn 0.97680000 0.00030000 -0.21420000
vn -0.00000000 1.00000000 -0.00000000
vn 0.98590000 0.00030000 -0.16710000
vn 0.98170000 -0.00030000 -0.19070000
vn 0.98970000 -0.00030000 -0.14340000
vn 0.99280000 -0.00000000 -0.11960000
vn 0.99280000 0.00030000 -0.11960000
vn 0.98590000 0.00030000 -0.16710000
vn 0.98970000 -0.00030000 -0.14340000
vn 0.98590000 -0.00000000 -0.16710000
vn 0.99280000 0.00030000 -0.11960000
vn -0.00000000 1.00000000 -0.00000000
vn 0.99540000 -0.00030000 -0.09580000
vn 0.98970000 -0.00030000 -0.14340000
vn 0.99280000 -0.00000000 -0.11960000
vn 0.99740000 -0.00000000 -0.07190000
vn 0.99540000 -0.00030000 -0.09580000
vn 0.99740000 0.00030000 -0.07190000
vn 0.99280000 0.00030000 -0.11960000
vn 0.99540000 -0.00030000 -0.09580000
vn 0.99740000 0.00030000 -0.07190000
vn 0.99890000 -0.00030000 -0.04790000
vn -0.00000000 1.00000000 -0.00000000
vn 0.99740000 -0.00000000 -0.07190000
vn 0.99970000 -0.00000000 -0.02400000
vn 0.99970000 0.00030000 -0.02400000
vn 0.99890000 -0.00030000 -0.04790000
vn 0.99740000 0.00030000 -0.07190000
vn -0.00000000 1.00000000 -0.00000000
vn 0.99970000 0.00030000 -0.02400000
vn 1.00000000 -0.00030000 -0.00000000
vn 0.99890000 -0.00030000 -0.04790000
vn 0.99970000 0.00030000 -0.02400000
vn 1.00000000 -0.00030000 -0.00000000
vn 0.99970000 -0.00000000 0.02400000
vn 0.99970000 0.00030000 0.02400000
vn 0.99970000 -0.00000000 -0.02400000
vn -0.00000000 1.00000000 -0.00000000
vn 0.99890000 -0.00030000 0.04790000
vn 1.00000000 -0.00030000 -0.00000000
vn 0.99970000 0.00030000 0.02400000
vn 0.99740000 0.00030000 0.07190000
vn 0.99740000 -0.00000000 0.07190000
vn 0.99970000 0.00030000 0.02400000
vn 0.99890000 -0.00030000 0.04790000
vn 0.99970000 -0.00000000 0.02400000
vn 0.99740000 0.00030000 0.07190000
vn -0.00000000 1.00000000 -0.00000000
vn 0.99890000 -0.00030000 0.04790000
vn 0.99540000 -0.00030000 0.09580000
vn 0.99740000 0.00030000 0.07190000
vn 0.99540000 -0.00030000 0.09580000
vn 0.99740000 -0.00000000 0.07190000
vn 0.99280000 0.00030000 0.11960000
vn 0.99280000 -0.00000000 0.11960000
vn -0.00000000 1.00000000 -0.00000000
vn 0.99540000 -0.00030000 0.09580000
vn 0.99280000 0.00030000 0.11960000
vn 0.98970000 -0.00030000 0.14340000
vn 0.99280000 -0.00000000 0.11960000
vn 0.98590000 0.00030000 0.16710000
vn 0.98590000 -0.00000000 0.16710000
vn 0.99280000 0.00030000 0.11960000
vn 0.98970000 -0.00030000 0.14340000
vn 0.98590000 0.00030000 0.16710000
vn 0.98170000 -0.00030000 0.19070000
vn -0.00000000 1.00000000 -0.00000000
vn 0.98970000 -0.00030000 0.14340000
vn 0.97680000 -0.00000000 0.21420000
vn 0.98590000 0.00030000 0.16710000
vn 0.98170000 -0.00030000 0.19070000
vn 0.97680000 0.00030000 0.21420000
vn 0.98590000 -0.00000000 0.16710000
vn -0.00000000 1.00000000 -0.00000000
vn 0.98170000 -0.00030000 0.19070000
vn 0.97680000 0.00030000 0.21420000
vn 0.97140000 -0.00030000 0.23750000
vn 0.97140000 -0.00030000 0.23750000
vn 0.97680000 -0.00000000 0.21420000
vn 0.96540000 0.00030000 0.26070000
vn 0.97680000 0.00030000 0.21420000
vn 0.96540000 -0.00000000 0.26070000
vn -0.00000000 1.00000000 -0.00000000
vn 0.96540000 0.00030000 0.26070000
vn 0.95890000 -0.00030000 0.28380000
vn 0.97140000 -0.00030000 0.23750000
vn 0.96540000 0.00030000 0.26070000
vn 0.95890000 -0.00030000 0.28380000
vn 0.96540000 -0.00000000 0.26070000
vn 0.95180000 0.00030000 0.30670000
vn 0.95180000 -0.00000000 0.30670000
vn 0.94420000 -0.00030000 0.32950000
vn -0.00000000 1.00000000 -0.00000000
vn 0.95180000 0.00030000 0.30670000
vn 0.95890000 -0.00030000 0.28380000
vn 0.93600000 0.00030000 0.35200000
vn 0.93600000 -0.00000000 0.35200000
vn 0.94420000 -0.00030000 0.32950000
vn 0.95180000 0.00030000 0.30670000
vn 0.95180000 -0.00000000 0.30670000
vn 0.94420000 -0.00030000 0.32950000
vn 0.93600000 0.00030000 0.35200000
vn 0.92730000 -0.00030000 0.37440000
vn -0.00000000 1.00000000 -0.00000000
vn 0.93600000 0.00030000 0.35200000
vn 0.92730000 -0.00030000 0.37440000
vn 0.91800000 0.00030000 0.39650000
vn 0.93600000 -0.00000000 0.35200000
vn 0.91800000 -0.00000000 0.39650000
vn -0.00000000 1.00000000 -0.00000000
vn 0.92730000 -0.00030000 0.37440000
vn 0.91800000 0.00030000 0.39650000
vn 0.90830000 -0.00030000 0.41840000
vn 0.89800000 -0.00000000 0.44000000
vn 0.91800000 -0.00000000 0.39650000
vn 0.90830000 -0.00030000 0.41840000
vn 0.91800000 0.00030000 0.39650000
vn 0.89800000 0.00030000 0.44000000
vn 0.89800000 0.00030000 0.44000000
vn 0.88720000 -0.00030000 0.46150000
vn -0.00000000 1.00000000 -0.00000000
vn 0.90830000 -0.00030000 0.41840000
vn 0.88720000 -0.00030000 0.46150000
vn 0.87580000 0.00030000 0.48260000
vn 0.89800000 -0.00000000 0.44000000
vn 0.89800000 0.00030000 0.44000000
vn 0.87580000 -0.00000000 0.48260000
vn 0.86400000 -0.00030000 0.50350000
vn -0.00000000 1.00000000 -0.00000000
vn 0.87580000 0.00030000 0.48260000
vn 0.88720000 -0.00030000 0.46150000
vn 0.85170000 0.00030000 0.52400000
vn 0.87580000 -0.00000000 0.48260000
vn 0.86400000 -0.00030000 0.50350000
vn 0.85170000 -0.00000000 0.52400000
vn 0.87580000 0.00030000 0.48260000
vn -0.00000000 1.00000000 -0.00000000
vn 0.83890000 -0.00030000 0.54430000
vn 0.85170000 0.00030000 0.52400000
vn 0.86400000 -0.00030000 0.50350000
vn 0.82560000 0.00030000 0.56430000
vn 0.85170000 0.00030000 0.52400000
vn 0.85170000 -0.00000000 0.52400000
vn 0.83890000 -0.00030000 0.54430000
vn 0.82560000 -0.00000000 0.56430000
vn 0.81180000 -0.00030000 0.58390000
vn 0.82560000 0.00030000 0.56430000
vn -0.00000000 1.00000000 -0.00000000
vn 0.83890000 -0.00030000 0.54430000
vn 0.82560000 -0.00000000 0.56430000
vn 0.79760000 0.00030000 0.60320000
vn 0.81180000 -0.00030000 0.58390000
vn 0.82560000 0.00030000 0.56430000
vn 0.79760000 -0.00000000 0.60320000
vn -0.00000000 1.00000000 -0.00000000
vn 0.81180000 -0.00030000 0.58390000
vn 0.79760000 0.00030000 0.60320000
vn 0.78290000 -0.00030000 0.62220000
vn 0.79760000 -0.00000000 0.60320000
vn 0.76780000 0.00030000 0.64070000
vn 0.76780000 -0.00000000 0.64070000
vn 0.79760000 0.00030000 0.60320000
vn 0.78290000 -0.00030000 0.62220000
vn 0.78290000 -0.00030000 0.62220000
vn 0.75220000 -0.00030000 0.65900000
vn 0.76780000 0.00030000 0.64070000
vn -0.00000000 1.00000000 -0.00000000
vn 0.75220000 -0.00030000 0.65900000
vn 0.73620000 0.00030000 0.67680000
vn 0.76780000 -0.00000000 0.64070000
vn 0.76780000 0.00030000 0.64070000
vn 0.73620000 -0.00000000 0.67680000
vn 0.75220000 -0.00030000 0.65900000
vn 0.73620000 0.00030000 0.67680000
vn 0.71970000 -0.00030000 0.69430000
vn -0.00000000 1.00000000 -0.00000000
vn 0.70290000 -0.00000000 0.71130000
vn 0.70290000 0.00030000 0.71130000
vn 0.71970000 -0.00030000 0.69430000
vn 0.73620000 0.00030000 0.67680000
vn 0.73620000 -0.00000000 0.67680000
vn 0.73610000 -0.00000000 0.67680000
vn 0.70290000 0.00030000 0.71130000
vn 0.68560000 -0.00030000 0.72800000
vn -0.00000000 1.00000000 -0.00000000
vn 0.71970000 -0.00030000 0.69430000
vn 0.66790000 -0.00000000 0.74420000
vn 0.70290000 -0.00000000 0.71130000
vn 0.66790000 0.00030000 0.74420000
vn 0.68560000 -0.00030000 0.72800000
vn 0.70290000 0.00030000 0.71130000
vn 0.66790000 0.00030000 0.74420000
vn -0.00000000 1.00000000 -0.00000000
vn 0.64990000 -0.00030000 0.76000000
vn 0.68560000 -0.00030000 0.72800000
vn 0.63150000 -0.00000000 0.77540000
vn 0.66790000 -0.00000000 0.74420000
vn 0.64990000 -0.00030000 0.76000000
vn 0.66790000 0.00030000 0.74420000
vn 0.63150000 0.00030000 0.77540000
vn 0.64990000 -0.00030000 0.76000000
vn -0.00000000 1.00000000 -0.00000000
vn 0.61270000 -0.00030000 0.79030000
vn 0.63150000 0.00030000 0.77540000
vn 0.63150000 -0.00000000 0.77540000
vn 0.59360000 -0.00000000 0.80480000
vn 0.61270000 -0.00030000 0.79030000
vn 0.59360000 0.00030000 0.80480000
vn 0.63150000 0.00030000 0.77540000
vn -0.00000000 1.00000000 -0.00000000
vn 0.61270000 -0.00030000 0.79030000
vn 0.59360000 0.00030000 0.80480000
vn 0.57410000 -0.00030000 0.81880000
vn 0.59360000 0.00030000 0.80480000
vn 0.59360000 -0.00000000 0.80480000
vn 0.55430000 0.00030000 0.83230000
vn 0.55430000 -0.00000000 0.83230000
vn 0.57410000 -0.00030000 0.81880000
vn 0.55430000 0.00030000 0.83230000
vn 0.53420000 -0.00030000 0.84540000
vn 0.57410000 -0.00030000 0.81880000
vn -0.00000000 1.00000000 -0.00000000
vn 0.53420000 -0.00030000 0.84540000
vn 0.55430000 -0.00000000 0.83230000
vn 0.51380000 0.00030000 0.85790000
vn 0.55430000 0.00030000 0.83230000
vn 0.51380000 -0.00000000 0.85790000
vn 0.49310000 -0.00030000 0.87000000
vn -0.00000000 1.00000000 -0.00000000
vn 0.53420000 -0.00030000 0.84540000
vn 0.51380000 0.00030000 0.85790000
vn 0.51380000 -0.00000000 0.85790000
vn 0.47210000 0.00030000 0.88160000
vn 0.47210000 -0.00000000 0.88160000
vn 0.51380000 0.00030000 0.85790000
vn 0.49310000 -0.00030000 0.87000000
vn -0.00000000 1.00000000 -0.00000000
vn 0.47210000 0.00030000 0.88160000
vn 0.49310000 -0.00030000 0.87000000
vn 0.45080000 -0.00030000 0.89260000
vn 0.47210000 -0.00000000 0.88160000
vn 0.45080000 -0.00030000 0.89260000
vn 0.47210000 0.00030000 0.88160000
vn 0.42920000 0.00030000 0.90320000
vn 0.42920000 -0.00000000 0.90320000
vn 0.40750000 -0.00030000 0.91320000
vn 0.42920000 0.00030000 0.90320000
vn -0.00000000 1.00000000 -0.00000000
vn 0.45080000 -0.00030000 0.89260000
vn 0.42920000 0.00030000 0.90320000
vn 0.38550000 0.00030000 0.92270000
vn 0.42920000 -0.00000000 0.90320000
vn 0.40750000 -0.00030000 0.91320000
vn 0.38550000 -0.00000000 0.92270000
vn 0.40750000 -0.00030000 0.91320000
vn -0.00000000 1.00000000 -0.00000000
vn 0.38550000 0.00030000 0.92270000
vn 0.36320000 -0.00030000 0.93170000
vn 0.34080000 0.00030000 0.94010000
vn 0.36320000 -0.00030000 0.93170000
vn 0.38550000 -0.00000000 0.92270000
vn 0.34080000 -0.00000000 0.94010000
vn 0.38550000 0.00030000 0.92270000
vn 0.34080000 0.00030000 0.94010000
vn -0.00000000 1.00000000 -0.00000000
vn 0.36320000 -0.00030000 0.93170000
vn 0.31810000 -0.00030000 0.94800000
vn 0.29530000 0.00030000 0.95540000
vn 0.31810000 -0.00030000 0.94800000
vn 0.34080000 0.00030000 0.94010000
vn 0.34080000 -0.00000000 0.94010000
vn 0.29530000 -0.00000000 0.95540000
vn 0.27230000 -0.00030000 0.96220000
vn 0.29530000 0.00030000 0.95540000
vn -0.00000000 1.00000000 -0.00000000
vn 0.31810000 -0.00030000 0.94800000
vn 0.29530000 -0.00000000 0.95540000
vn 0.27230000 -0.00030000 0.96220000
vn 0.24920000 0.00030000 0.96850000
vn 0.24920000 -0.00000000 0.96850000
vn 0.29530000 0.00030000 0.95540000
vn -0.00000000 1.00000000 -0.00000000
vn 0.27230000 -0.00030000 0.96220000
vn 0.24920000 0.00030000 0.96850000
vn 0.22590000 -0.00030000 0.97420000
vn 0.20240000 -0.00000000 0.97930000
vn 0.24920000 -0.00000000 0.96850000
vn 0.24920000 0.00030000 0.96850000
vn 0.20240000 0.00030000 0.97930000
vn 0.22590000 -0.00030000 0.97420000
vn 0.20240000 0.00030000 0.97930000
vn 0.17890000 -0.00030000 0.98390000
vn -0.00000000 1.00000000 -0.00000000
vn 0.22590000 -0.00030000 0.97420000
vn 0.20240000 0.00030000 0.97930000
vn 0.17890000 -0.00030000 0.98390000
vn 0.15530000 -0.00000000 0.98790000
vn 0.20240000 -0.00000000 0.97930000
vn 0.15530000 0.00030000 0.98790000
vn 0.15530000 0.00030000 0.98790000
vn 0.17890000 -0.00030000 0.98390000
vn 0.13150000 -0.00030000 0.99130000
vn -0.00000000 1.00000000 -0.00000000
vn 0.15530000 0.00030000 0.98790000
vn 0.13150000 -0.00030000 0.99130000
vn 0.10770000 0.00030000 0.99420000
vn 0.10770000 -0.00000000 0.99420000
vn 0.15530000 -0.00000000 0.98790000
vn 0.08380000 -0.00030000 0.99650000
vn -0.00000000 1.00000000 -0.00000000
vn 0.10770000 0.00030000 0.99420000
vn 0.13150000 -0.00030000 0.99130000
vn 0.05990000 -0.00000000 0.99820000
vn 0.10770000 -0.00000000 0.99420000
vn 0.10770000 0.00030000 0.99420000
vn 0.05990000 0.00030000 0.99820000
vn 0.08380000 -0.00030000 0.99650000
vn 0.08380000 -0.00030000 0.99650000
vn 0.05990000 0.00030000 0.99820000
vn 0.03600000 -0.00030000 0.99940000
vn -0.00000000 1.00000000 -0.00000000
vn 0.01200000 -0.00000000 0.99990000
vn 0.05990000 0.00030000 0.99820000
vn 0.03600000 -0.00030000 0.99940000
vn 0.01200000 0.00030000 0.99990000
vn 0.05990000 -0.00000000 0.99820000
vn 0.03600000 -0.00030000 0.99940000
vn 0.01200000 0.00030000 0.99990000
vn -0.00000000 1.00000000 -0.00000000
vn -0.01200000 -0.00030000 0.99990000
vn 0.01200000 0.00030000 0.99990000
vn 0.01200000 -0.00000000 0.99990000
vn -0.03600000 0.00030000 0.99940000
vn -0.01200000 -0.00030000 0.99990000
vn -0.03600000 -0.00000000 0.99940000
vn -0.01200000 -0.00030000 0.99990000
vn -0.03600000 0.00030000 0.99940000
vn -0.00000000 1.00000000 -0.00000000
vn -0.05990000 -0.00030000 0.99820000
vn -0.08380000 0.00030000 0.99650000
vn -0.05990000 -0.00030000 0.99820000
vn -0.03600000 0.00030000 0.99940000
vn -0.08380000 -0.00000000 0.99650000
vn -0.03600000 -0.00000000 0.99940000
vn -0.05990000 -0.00030000 0.99820000
vn -0.00000000 1.00000000 -0.00000000
vn -0.08380000 0.00030000 0.99650000
vn -0.10770000 -0.00030000 0.99420000
vn -0.10770000 -0.00030000 0.99420000
vn -0.08380000 0.00030000 0.99650000
vn -0.13150000 0.00030000 0.99130000
vn -0.08380000 -0.00000000 0.99650000
vn -0.13150000 -0.00000000 0.99130000
vn -0.15530000 -0.00030000 0.98790000
vn -0.13150000 0.00030000 0.99130000
vn -0.10770000 -0.00030000 0.99420000
vn -0.00000000 1.00000000 -0.00000000
vn -0.17890000 -0.00000000 0.98390000
vn -0.17890000 0.00030000 0.98390000
vn -0.15530000 -0.00030000 0.98790000
vn -0.13150000 0.00030000 0.99130000
vn -0.13150000 -0.00000000 0.99130000
vn -0.00000000 1.00000000 -0.00000000
vn -0.17890000 0.00030000 0.98390000
vn -0.20240000 -0.00030000 0.97930000
vn -0.15530000 -0.00030000 0.98790000
vn -0.22590000 0.00030000 0.97420000
vn -0.17890000 -0.00000000 0.98390000
vn -0.17890000 0.00030000 0.98390000
vn -0.22590000 -0.00000000 0.97420000
vn -0.20240000 -0.00030000 0.97930000
vn -0.00000000 1.00000000 -0.00000000
vn -0.20240000 -0.00030000 0.97930000
vn -0.24920000 -0.00030000 0.96850000
vn -0.22590000 0.00030000 0.97420000
vn -0.27230000 0.00030000 0.96220000
vn -0.27230000 -0.00000000 0.96220000
vn -0.22590000 0.00030000 0.97420000
vn -0.22590000 -0.00000000 0.97420000
vn -0.24920000 -0.00030000 0.96850000
vn -0.00000000 1.00000000 -0.00000000
vn -0.27230000 0.00030000 0.96220000
vn -0.24920000 -0.00030000 0.96850000
vn -0.29530000 -0.00030000 0.95540000
vn -0.31810000 -0.00000000 0.94800000
vn -0.27230000 0.00030000 0.96220000
vn -0.29530000 -0.00030000 0.95540000
vn -0.27230000 -0.00000000 0.96220000
vn -0.31810000 0.00030000 0.94800000
vn -0.34080000 -0.00030000 0.94010000
vn -0.00000000 1.00000000 -0.00000000
vn -0.31810000 0.00030000 0.94800000
vn -0.29530000 -0.00030000 0.95540000
vn -0.34080000 -0.00030000 0.94010000
vn -0.36320000 -0.00000000 0.93170000
vn -0.36320000 0.00030000 0.93170000
vn -0.31810000 -0.00000000 0.94800000
vn -0.31810000 0.00030000 0.94800000
vn -0.00000000 1.00000000 -0.00000000
vn -0.38550000 -0.00030000 0.92270000
vn -0.34080000 -0.00030000 0.94010000
vn -0.36320000 0.00030000 0.93170000
vn -0.40750000 0.00030000 0.91320000
vn -0.40750000 -0.00000000 0.91320000
vn -0.36320000 -0.00000000 0.93170000
vn -0.36320000 0.00030000 0.93170000
vn -0.38550000 -0.00030000 0.92270000
vn -0.38550000 -0.00030000 0.92270000
vn -0.00000000 1.00000000 -0.00000000
vn -0.40750000 0.00030000 0.91320000
vn -0.42920000 -0.00030000 0.90320000
vn -0.42920000 -0.00030000 0.90320000
vn -0.45080000 -0.00000000 0.89260000
vn -0.40750000 0.00030000 0.91320000
vn -0.40750000 -0.00000000 0.91320000
vn -0.45080000 0.00030000 0.89260000
vn -0.00000000 1.00000000 -0.00000000
vn -0.47210000 -0.00030000 0.88160000
vn -0.42920000 -0.00030000 0.90320000
vn -0.45080000 0.00030000 0.89260000
vn -0.49310000 -0.00000000 0.87000000
vn -0.49310000 0.00030000 0.87000000
vn -0.47210000 -0.00030000 0.88160000
vn -0.45080000 -0.00000000 0.89260000
vn -0.45080000 0.00030000 0.89260000
vn -0.49310000 0.00030000 0.87000000
vn -0.00000000 1.00000000 -0.00000000
vn -0.47210000 -0.00030000 0.88160000
vn -0.51380000 -0.00030000 0.85790000
vn -0.53420000 -0.00000000 0.84540000
vn -0.53420000 0.00030000 0.84540000
vn -0.49310000 -0.00000000 0.87000000
vn -0.51380000 -0.00030000 0.85790000
vn -0.49310000 0.00030000 0.87000000
vn -0.00000000 1.00000000 -0.00000000
vn -0.51380000 -0.00030000 0.85790000
vn -0.55430000 -0.00030000 0.83230000
vn -0.53420000 0.00030000 0.84540000
vn -0.53420000 -0.00000000 0.84540000
vn -0.57410000 0.00030000 0.81880000
vn -0.55430000 -0.00030000 0.83230000
vn -0.53420000 0.00030000 0.84540000
vn -0.57410000 -0.00000000 0.81880000
vn -0.59360000 -0.00030000 0.80480000
vn -0.00000000 1.00000000 -0.00000000
vn -0.57410000 0.00030000 0.81880000
vn -0.55430000 -0.00030000 0.83230000
vn -0.61270000 -0.00000000 0.79030000
vn -0.57410000 -0.00000000 0.81880000
vn -0.57410000 0.00030000 0.81880000
vn -0.59360000 -0.00030000 0.80480000
vn -0.61270000 0.00030000 0.79030000
vn -0.63150000 -0.00030000 0.77540000
vn -0.00000000 1.00000000 -0.00000000
vn -0.61270000 0.00030000 0.79030000
vn -0.59360000 -0.00030000 0.80480000
vn -0.64990000 -0.00000000 0.76000000
vn -0.64990000 0.00030000 0.76000000
vn -0.61270000 0.00030000 0.79030000
vn -0.61270000 -0.00000000 0.79030000
vn -0.63150000 -0.00030000 0.77540000
vn -0.00000000 1.00000000 -0.00000000
vn -0.66790000 -0.00030000 0.74420000
vn -0.63150000 -0.00030000 0.77540000
vn -0.64990000 0.00030000 0.76000000
vn -0.64990000 -0.00000000 0.76000000
vn -0.68560000 -0.00000000 0.72800000
vn -0.64990000 0.00030000 0.76000000
vn -0.66790000 -0.00030000 0.74420000
vn -0.68560000 0.00030000 0.72800000
vn -0.70290000 -0.00030000 0.71130000
vn -0.00000000 1.00000000 -0.00000000
vn -0.66790000 -0.00030000 0.74420000
vn -0.68560000 0.00030000 0.72800000
vn -0.71970000 -0.00000000 0.69430000
vn -0.68560000 -0.00000000 0.72800000
vn -0.70290000 -0.00030000 0.71130000
vn -0.68560000 0.00030000 0.72800000
vn -0.71970000 0.00030000 0.69430000
vn -0.71970000 0.00030000 0.69430000
vn -0.70290000 -0.00030000 0.71130000
vn -0.73620000 -0.00030000 0.67680000
vn -0.00000000 1.00000000 -0.00000000
vn -0.71970000 0.00030000 0.69430000
vn -0.73620000 -0.00030000 0.67680000
vn -0.75220000 -0.00000000 0.65900000
vn -0.71970000 -0.00000000 0.69430000
vn -0.75220000 0.00030000 0.65900000
vn -0.75220000 0.00030000 0.65900000
vn -0.00000000 1.00000000 -0.00000000
vn -0.76780000 -0.00030000 0.64070000
vn -0.73620000 -0.00030000 0.67680000
vn -0.75220000 0.00030000 0.65900000
vn -0.78290000 0.00030000 0.62220000
vn -0.75220000 -0.00000000 0.65900000
vn -0.76780000 -0.00030000 0.64070000
vn -0.78290000 -0.00000000 0.62220000
vn -0.79760000 -0.00030000 0.60320000
vn -0.76780000 -0.00030000 0.64070000
vn -0.78290000 0.00030000 0.62220000
vn -0.00000000 1.00000000 -0.00000000
vn -0.78290000 -0.00000000 0.62220000
vn -0.81180000 0.00030000 0.58390000
vn -0.78290000 -0.00000000 0.62210000
vn -0.78290000 0.00030000 0.62220000
vn -0.79760000 -0.00030000 0.60320000
vn -0.81180000 -0.00000000 0.58390000
vn -0.00000000 1.00000000 -0.00000000
vn -0.81180000 0.00030000 0.58390000
vn -0.82560000 -0.00030000 0.56430000
vn -0.79760000 -0.00030000 0.60320000
vn -0.83890000 0.00030000 0.54430000
vn -0.83890000 -0.00000000 0.54430000
vn -0.81180000 -0.00000000 0.58390000
vn -0.81180000 0.00030000 0.58390000
vn -0.82560000 -0.00030000 0.56430000
vn -0.00000000 1.00000000 -0.00000000
vn -0.82560000 -0.00030000 0.56430000
vn -0.83890000 0.00030000 0.54430000
vn -0.85170000 -0.00030000 0.52400000
vn -0.86400000 0.00030000 0.50350000
vn -0.85170000 -0.00030000 0.52400000
vn -0.83890000 0.00030000 0.54430000
vn -0.86400000 -0.00000000 0.50350000
vn -0.83890000 -0.00000000 0.54430000
vn -0.85170000 -0.00030000 0.52400000
vn -0.87580000 -0.00030000 0.48260000
vn -0.86400000 0.00030000 0.50350000
vn -0.00000000 1.00000000 -0.00000000
vn -0.86400000 0.00030000 0.50350000
vn -0.86400000 -0.00000000 0.50350000
vn -0.87580000 -0.00030000 0.48260000
vn -0.88720000 0.00030000 0.46150000
vn -0.88720000 -0.00000000 0.46150000
vn -0.88720000 0.00030000 0.46150000
vn -0.89800000 -0.00030000 0.44000000
vn -0.87580000 -0.00030000 0.48260000
vn -0.00000000 1.00000000 -0.00000000
vn -0.90830000 0.00030000 0.41840000
vn -0.88720000 0.00030000 0.46150000
vn -0.89800000 -0.00030000 0.44000000
vn -0.90830000 -0.00000000 0.41840000
vn -0.88720000 -0.00000000 0.46150000
vn -0.89800000 -0.00030000 0.44000000
vn -0.91800000 -0.00030000 0.39650000
vn -0.00000000 1.00000000 -0.00000000
vn -0.90830000 0.00030000 0.41840000
vn -0.92730000 0.00030000 0.37440000
vn -0.91800000 -0.00030000 0.39650000
vn -0.90830000 -0.00000000 0.41840000
vn -0.90830000 0.00030000 0.41840000
vn -0.92730000 -0.00000000 0.37440000
vn -0.93600000 -0.00030000 0.35200000
vn -0.91800000 -0.00030000 0.39650000
vn -0.92730000 0.00030000 0.37440000
vn -0.00000000 1.00000000 -0.00000000
vn -0.92730000 0.00030000 0.37440000
vn -0.92730000 -0.00000000 0.37440000
vn -0.94420000 0.00030000 0.32950000
vn -0.94420000 -0.00000000 0.32950000
vn -0.93600000 -0.00030000 0.35200000
vn -0.00000000 1.00000000 -0.00000000
vn -0.94420000 0.00030000 0.32950000
vn -0.93600000 -0.00030000 0.35200000
vn -0.95180000 -0.00030000 0.30670000
vn -0.94420000 -0.00000000 0.32950000
vn -0.95180000 -0.00030000 0.30670000
vn -0.95890000 -0.00000000 0.28380000
vn -0.94420000 0.00030000 0.32950000
vn -0.95890000 0.00030000 0.28380000
vn -0.95890000 0.00030000 0.28380000
vn -0.00000000 1.00000000 -0.00000000
vn -0.96540000 -0.00030000 0.26070000
vn -0.95180000 -0.00030000 0.30670000
vn -0.95890000 -0.00000000 0.28380000
vn -0.96540000 -0.00030000 0.26070000
vn -0.97140000 -0.00000000 0.23750000
vn -0.97140000 0.00030000 0.23750000
vn -0.95890000 0.00030000 0.28380000
vn -0.00000000 1.00000000 -0.00000000
vn -0.96540000 -0.00030000 0.26070000
vn -0.97140000 0.00030000 0.23750000
vn -0.97680000 -0.00030000 0.21420000
vn -0.98170000 0.00030000 0.19070000
vn -0.97140000 0.00030000 0.23750000
vn -0.97680000 -0.00030000 0.21420000
vn -0.98170000 -0.00000000 0.19070000
vn -0.97140000 -0.00000000 0.23750000
vn -0.00000000 1.00000000 -0.00000000
vn -0.98170000 0.00030000 0.19070000
vn -0.98590000 -0.00030000 0.16710000
vn -0.97680000 -0.00030000 0.21420000
vn -0.98170000 -0.00000000 0.19070000
vn -0.98590000 -0.00030000 0.16710000
vn -0.98970000 0.00030000 0.14340000
vn -0.98170000 0.00030000 0.19070000
vn -0.98970000 -0.00000000 0.14340000
vn -0.00000000 1.00000000 -0.00000000
vn -0.99280000 -0.00030000 0.11960000
vn -0.98970000 0.00030000 0.14340000
vn -0.98590000 -0.00030000 0.16710000
vn -0.99280000 -0.00030000 0.11960000
vn -0.99540000 -0.00000000 0.09580000
vn -0.99540000 0.00030000 0.09580000
vn -0.98970000 0.00030000 0.14340000
vn -0.98970000 -0.00000000 0.14340000
vn -0.99740000 -0.00030000 0.07190000
vn -0.00000000 1.00000000 -0.00000000
vn -0.99280000 -0.00030000 0.11960000
vn -0.99540000 0.00030000 0.09580000
vn -0.99740000 -0.00030000 0.07190000
vn -0.99890000 0.00030000 0.04790000
vn -0.99540000 -0.00000000 0.09580000
vn -0.99890000 -0.00000000 0.04790000
vn -0.99540000 0.00030000 0.09580000
vn -0.00000000 -1.00000000 -0.00000000
vn -1.00000000 -0.00000000 -0.00000000
vn -0.00000000 -0.00000000 1.00000000
vn -0.00000000 -1.00000000 -0.00000000
vn 1.00000000 -0.00000000 -0.00000000
vn -0.00000000 -0.00000000 1.00000000
vn -0.00000000 1.00000000 -0.00000000
vn -0.00000000 -0.00000000 1.00000000
vn -1.00000000 -0.00000000 -0.00000000
vn -0.00000000 -0.00000000 1.00000000
vn -0.00000000 1.00000000 -0.00000000
vn 1.00000000 -0.00000000 -0.00000000
vn -0.00000000 -1.00000000 -0.00000000
vn -0.00000000 -0.00000000 -1.00000000
vn -1.00000000 -0.00000000 -0.00000000
vn -0.00000000 1.00000000 -0.00000000
vn -1.00000000 -0.00000000 -0.00000000
vn -0.00000000 -0.00000000 -1.00000000
vn -0.00000000 -0.00000000 -1.00000000
vn 1.00000000 -0.00000000 -0.00000000
vn -0.00000000 -1.00000000 -0.00000000
vn 1.00000000 -0.00000000 -0.00000000
vn -0.00000000 -0.00000000 -1.00000000
vn -0.00000000 1.00000000 -0.00000000
f 1//1 10//10 14//14
f 12//12 9//9 15//15
f 11//11 18//18 22//22
f 21//21 19//19 27//27
f 20//20 28//28 32//32
f 33//33 29//29 37//37
f 31//31 35//35 39//39
f 40//40 34//34 46//46
f 41//41 47//47 49//49
f 50//50 45//45 53//53
f 51//51 56//56 58//58
f 59//59 52//52 65//65
f 57//57 63//63 66//66
f 67//67 64//64 72//72
f 68//68 73//73 77//77
f 78//78 74//74 80//80
f 76//76 81//81 85//85
f 86//86 82//82 92//92
f 87//87 88//88 93//93
f 95//95 89//89 101//101
f 96//96 100//100 105//105
f 104//104 99//99 108//108
f 102//102 107//107 114//114
f 113//113 106//106 115//115
f 111//111 117//117 121//121
f 122//122 116//116 128//128
f 123//123 124//124 132//132
f 131//131 127//127 134//134
f 130//130 136//136 141//141
f 139//139 137//137 143//143
f 140//140 142//142 148//148
f 150//150 147//147 156//156
f 151//151 154//154 160//160
f 158//158 155//155 163//163
f 159//159 161//161 167//167
f 168//168 165//165 171//171
f 166//166 173//173 178//178
f 176//176 174//174 180//180
f 175//175 179//179 184//184
f 185//185 183//183 190//190
f 186//186 191//191 194//194
f 196//196 192//192 197//197
f 193//193 201//201 204//204
f 203//203 200//200 208//208
f 202//202 207//207 214//214
f 213//213 206//206 215//215
f 211//211 216//216 221//221
f 220//220 217//217 228//228
f 222//222 227//227 230//230
f 232//232 226//226 233//233
f 231//231 235//235 238//238
f 239//239 237//237 244//244
f 240//240 243//243 248//248
f 247//247 246//246 253//253
f 249//249 254//254 256//256
f 257//257 255//255 260//260
f 258//258 261//261 266//266
f 267//267 262//262 271//271
f 265//265 270//270 275//275
f 274//274 272//272 281//281
f 276//276 282//282 286//286
f 284//284 280//280 290//290
f 283//283 289//289 295//295
f 294//294 287//287 298//298
f 293//293 300//300 304//304
f 303//303 299//299 307//307
f 301//301 306//306 312//312
f 311//311 305//305 317//317
f 310//310 315//315 320//320
f 322//322 316//316 323//323
f 319//319 325//325 329//329
f 328//328 324//324 335//335
f 331//331 334//334 340//340
f 339//339 336//336 343//343
f 338//338 341//341 347//347
f 349//349 342//342 353//353
f 348//348 354//354 357//357
f 356//356 352//352 361//361
f 355//355 363//363 364//364
f 365//365 359//359 368//368
f 366//366 372//372 376//376
f 375//375 370//370 381//381
f 374//374 377//377 383//383
f 384//384 380//380 387//387
f 382//382 390//390 392//392
f 391//391 389//389 399//399
f 394//394 395//395 403//403
f 401//401 396//396 406//406
f 402//402 408//408 412//412
f 411//411 405//405 415//415
f 410//410 413//413 419//419
f 418//418 414//414 425//425
f 420//420 426//426 427//427
f 429//429 423//423 433//433
f 430//430 434//434 439//439
f 437//437 435//435 440//440
f 436//436 441//441 448//448
f 446//446 442//442 449//449
f 445//445 450//450 454//454
f 455//455 451//451 460//460
f 457//457 459//459 466//466
f 463//463 461//461 472//472
f 464//464 471//471 475//475
f 474//474 470//470 477//477
f 473//473 478//478 485//485
f 484//484 479//479 488//488
f 482//482 486//486 492//492
f 493//493 487//487 499//499
f 494//494 498//498 500//500
f 502//502 495//495 507//507
f 503//503 506//506 512//512
f 509//509 508//508 516//516
f 511//511 515//515 518//518
f 521//521 517//517 522//522
f 519//519 526//526 530//530
f 528//528 524//524 531//531
f 529//529 532//532 536//536
f 539//539 533//533 544//544
f 537//537 542//542 547//547
f 545//545 543//543 553//553
f 546//546 552//552 554//554
f 556//556 550//550 559//559
f 557//557 561//561 564//564
f 565//565 560//560 569//569
f 563//563 570//570 574//574
f 575//575 568//568 577//577
f 572//572 576//576 581//581
f 583//583 578//578 587//587
f 584//584 586//586 590//590
f 592//592 585//585 597//597
f 593//593 596//596 601//601
f 599//599 598//598 603//603
f 600//600 607//607 609//609
f 610//610 605//605 616//616
f 611//611 613//613 617//617
f 618//618 614//614 622//622
f 619//619 625//625 627//627
f 628//628 624//624 630//630
f 626//626 632//632 636//636
f 637//637 634//634 639//639
f 638//638 640//640 644//644
f 645//645 641//641 648//648
f 646//646 649//649 653//653
f 656//656 650//650 658//658
f 654//654 660//660 665//665
f 664//664 661//661 666//666
f 662//662 670//670 674//674
f 672//672 669//669 675//675
f 673//673 676//676 683//683
f 681//681 677//677 688//688
f 680//680 687//687 691//691
f 690//690 684//684 693//693
f 689//689 697//697 698//698
f 699//699 694//694 704//704
f 700//700 705//705 708//708
f 709//709 706//706 715//715
f 710//710 711//711 716//716
f 718//718 712//712 723//723
f 717//717 721//721 728//728
f 725//725 720//720 733//733
f 726//726 729//729 736//736
f 735//735 731//731 741//741
f 734//734 742//742 746//746
f 745//745 740//740 748//748
f 744//744 747//747 756//756
f 755//755 752//752 761//761
f 754//754 759//759 763//763
f 764//764 760//760 767//767
f 765//765 770//770 772//772
f 774//774 769//769 775//775
f 773//773 776//776 780//780
f 781//781 777//777 786//786
f 782//782 787//787 790//790
f 791//791 784//784 794//794
f 792//792 795//795 798//798
f 800//800 797//797 806//806
f 801//801 803//803 808//808
f 810//810 805//805 812//812
f 809//809 813//813 818//818
f 817//817 811//811 820//820
f 816//816 824//824 825//825
f 827//827 822//822 832//832
f 828//828 833//833 837//837
f 836//836 831//831 840//840
f 835//835 839//839 846//846
f 844//844 838//838 849//849
f 845//845 850//850 853//853
f 852//852 851//851 856//856
f 854//854 860//860 864//864
f 861//861 859//859 869//869
f 863//863 865//865 872//872
f 871//871 866//866 876//876
f 873//873 874//874 882//882
f 880//880 877//877 883//883
f 881//881 884//884 891//891
f 889//889 887//887 892//892
f 890//890 895//895 899//899
f 898//898 894//894 904//904
f 900//900 905//905 908//908
f 907//907 902//902 911//911
f 906//906 913//913 916//916
f 917//917 914//914 919//919
f 918//918 923//923 926//926
f 925//925 921//921 930//930
f 927//927 928//928 933//933
f 934//934 929//929 940//940
f 936//936 937//937 945//945
f 944//944 941//941 950//950
f 942//942 949//949 953//953
f 952//952 946//946 958//958
f 951//951 956//956 961//961
f 960//960 955//955 965//965
f 963//963 964//964 970//970
f 972//972 968//968 975//975
f 969//969 976//976 979//979
f 978//978 977//977 986//986
f 981//981 982//982 987//987
f 989//989 984//984 992//992
f 988//988 993//993 997//997
f 998//998 995//995 1000//1000
f 999//999 1001//1001 1006//1006
f 1008//1008 1002//1002 1013//1013
f 1005//1005 1009//1009 1014//1014
f 1015//1015 1010//1010 1018//1018
f 1016//1016 1020//1020 1025//1025
f 1023//1023 1019//1019 1029//1029
f 1026//1026 1030//1030 1032//1032
f 1033//1033 1031//1031 1040//1040
f 1034//1034 1036//1036 1041//1041
f 1042//1042 1037//1037 1049//1049
f 1043//1043 1046//1046 1053//1053
f 1052//1052 1047//1047 1056//1056
f 1051//1051 1055//1055 1059//1059
f 1060//1060 1054//1054 1065//1065
f 1062//1062 1063//1063 1070//1070
f 1069//1069 1066//1066 1076//1076
f 1068//1068 1074//1074 1078//1078
f 1079//1079 1075//1075 1082//1082
f 1080//1080 1085//1085 1087//1087
f 1088//1088 1086//1086 1091//1091
f 1089//1089 1093//1093 1098//1098
f 1097//1097 1092//1092 1102//1102
f 1096//1096 1103//1103 1106//1106
f 1107//1107 1104//1104 1112//1112
f 1108//1108 1113//1113 1114//1114
f 1115//1115 1111//1111 1118//1118
f 1116//1116 1119//1119 1126//1126
f 1125//1125 1120//1120 1131//1131
f 1124//1124 1130//1130 1135//1135
f 1132//1132 1128//1128 1136//1136
f 1133//1133 1137//1137 1144//1144
f 1141//1141 1139//1139 1149//1149
f 1142//1142 1148//1148 1153//1153
f 1151//1151 1147//1147 1155//1155
f 1150//1150 1156//1156 1160//1160
f 1161//1161 1154//1154 1165//1165
f 1162//1162 1166//1166 1168//1168
f 1170//1170 1167//1167 1173//1173
f 1171//1171 1175//1175 1179//1179
f 1177//1177 1172//1172 1182//1182
f 1180//1180 1181//1181 3//3
f 2//2 1185//1185 6//6
f 1187//1187 1190//1190 1197//1197
f 1199//1199 1191//1191 1203//1203
f 1196//1196 1201//1201 1205//1205
f 1206//1206 1204//1204 1209//1209
f 1207//1207 1211//1211 1216//1216
f 1218//1218 1213//1213 1219//1219
f 1217//1217 1221//1221 1226//1226
f 1227//1227 1222//1222 1231//1231
f 1225//1225 1228//1228 1235//1235
f 1236//1236 1232//1232 1237//1237
f 1234//1234 1238//1238 1245//1245
f 1243//1243 1241//1241 1246//1246
f 1244//1244 1247//1247 1251//1251
f 1252//1252 1249//1249 1259//1259
f 1253//1253 1258//1258 1260//1260
f 1263//1263 1257//1257 1266//1266
f 1262//1262 1265//1265 1270//1270
f 1271//1271 1267//1267 1273//1273
f 1269//1269 1275//1275 1279//1279
f 1278//1278 1276//1276 1285//1285
f 1281//1281 1283//1283 1289//1289
f 1287//1287 1282//1282 1291//1291
f 1288//1288 1292//1292 1297//1297
f 1298//1298 1294//1294 1302//1302
f 1299//1299 1303//1303 1308//1308
f 1305//1305 1304//1304 1309//1309
f 1307//1307 1310//1310 1316//1316
f 1314//1314 1311//1311 1320//1320
f 1315//1315 1319//1319 1326//1326
f 1323//1323 1318//1318 1328//1328
f 1324//1324 1327//1327 1335//1335
f 1334//1334 1331//1331 1340//1340
f 1333//1333 1339//1339 1344//1344
f 1342//1342 1338//1338 1349//1349
f 1345//1345 1350//1350 1354//1354
f 1352//1352 1347//1347 1356//1356
f 1351//1351 1355//1355 1361//1361
f 1363//1363 1357//1357 1368//1368
f 1362//1362 1365//1365 1370//1370
f 1371//1371 1364//1364 1377//1377
f 1372//1372 1374//1374 1378//1378
f 1381//1381 1375//1375 1382//1382
f 1380//1380 1383//1383 1388//1388
f 1389//1389 1384//1384 1391//1391
f 1390//1390 1392//1392 1399//1399
f 1398//1398 1393//1393 1403//1403
f 1397//1397 1401//1401 1408//1408
f 1407//1407 1404//1404 1413//1413
f 1406//1406 1409//1409 1414//1414
f 1415//1415 1410//1410 1419//1419
f 1416//1416 1422//1422 1426//1426
f 1424//1424 1418//1418 1431//1431
f 1423//1423 1430//1430 1432//1432
f 1433//1433 1429//1429 1438//1438
f 1434//1434 1436//1436 1444//1444
f 1443//1443 1437//1437 1449//1449
f 1442//1442 1446//1446 1453//1453
f 1452//1452 1445//1445 1458//1458
f 1451//1451 1457//1457 1461//1461
f 1459//1459 1454//1454 1465//1465
f 1460//1460 1464//1464 1470//1470
f 1468//1468 1463//1463 1474//1474
f 1469//1469 1475//1475 1478//1478
f 1479//1479 1476//1476 1484//1484
f 1480//1480 1481//1481 1486//1486
f 1489//1489 1482//1482 1490//1490
f 1487//1487 1494//1494 1496//1496
f 1497//1497 1493//1493 1499//1499
f 1498//1498 1503//1503 1507//1507
f 1505//1505 1502//1502 1512//1512
f 1504//1504 1508//1508 1514//1514
f 1515//1515 1511//1511 1521//1521
f 1516//1516 1519//1519 1524//1524
f 1523//1523 1520//1520 1529//1529
f 1525//1525 1528//1528 1534//1534
f 1531//1531 1527//1527 1536//1536
f 1532//1532 1538//1538 1543//1543
f 1542//1542 1537//1537 1547//1547
f 1541//1541 1545//1545 1549//1549
f 1552//1552 1546//1546 1555//1555
f 1551//1551 1556//1556 1559//1559
f 1560//1560 1557//1557 1565//1565
f 1561//1561 1566//1566 1567//1567
f 1568//1568 1563//1563 1574//1574
f 1570//1570 1575//1575 1579//1579
f 1577//1577 1572//1572 1584//1584
f 1576//1576 1580//1580 1587//1587
f 1585//1585 1583//1583 1590//1590
f 1588//1588 1592//1592 1594//1594
f 1596//1596 1593//1593 1602//1602
f 1597//1597 1598//1598 1603//1603
f 1604//1604 1599//1599 1609//1609
f 1605//1605 1610//1610 1614//1614
f 1615//1615 1611//1611 1620//1620
f 1613//1613 1616//1616 1621//1621
f 1624//1624 1619//1619 1628//1628
f 1623//1623 1627//1627 1633//1633
f 1630//1630 1629//1629 1634//1634
f 1632//1632 1637//1637 1639//1639
f 1640//1640 1638//1638 1644//1644
f 1641//1641 1645//1645 1648//1648
f 1649//1649 1646//1646 1653//1653
f 1650//1650 1656//1656 1658//1658
f 1660//1660 1652//1652 1665//1665
f 1659//1659 1664//1664 1670//1670
f 1668//1668 1666//1666 1673//1673
f 1669//1669 1672//1672 1678//1678
f 1677//1677 1671//1671 1683//1683
f 1679//1679 1684//1684 1688//1688
f 1687//1687 1680//1680 1693//1693
f 1685//1685 1690//1690 1695//1695
f 1696//1696 1691//1691 1699//1699
f 1694//1694 1701//1701 1704//1704
f 1706//1706 1702//1702 1711//1711
f 1705//1705 1708//1708 1712//1712
f 1714//1714 1707//1707 1717//1717
f 1715//1715 1719//1719 1721//1721
f 1722//1722 1720//1720 1726//1726
f 1724//1724 1725//1725 1730//1730
f 1731//1731 1728//1728 1734//1734
f 1733//1733 1737//1737 1741//1741
f 1742//1742 1735//1735 1743//1743
f 1740//1740 1745//1745 1749//1749
f 1751//1751 1744//1744 1756//1756
f 1750//1750 1753//1753 1759//1759
f 1758//1758 1755//1755 1763//1763
f 1760//1760 1764//1764 1769//1769
f 1766//1766 1762//1762 1774//1774
f 1768//1768 1772//1772 1775//1775
f 1776//1776 1773//1773 1783//1783
f 1777//1777 1782//1782 1787//1787
f 1785//1785 1781//1781 1788//1788
f 1786//1786 1789//1789 1795//1795
f 1796//1796 1791//1791 1799//1799
f 1794//1794 1800//1800 1804//1804
f 1802//1802 1797//1797 1806//1806
f 1805//1805 1807//1807 1812//1812
f 1813//1813 1809//1809 1818//1818
f 1814//1814 1819//1819 1823//1823
f 1820//1820 1816//1816 1825//1825
f 1821//1821 1826//1826 1830//1830
f 1831//1831 1827//1827 1836//1836
f 1832//1832 1833//1833 1841//1841
f 1839//1839 1835//1835 1842//1842
f 1840//1840 1843//1843 1850//1850
f 1849//1849 1845//1845 1854//1854
f 1847//1847 1853//1853 1856//1856
f 1857//1857 1851//1851 1860//1860
f 1858//1858 1861//1861 1866//1866
f 1867//1867 1862//1862 1872//1872
f 1868//1868 1871//1871 1877//1877
f 1874//1874 1873//1873 1881//1881
f 1875//1875 1878//1878 1886//1886
f 1885//1885 1879//1879 1891//1891
f 1883//1883 1889//1889 1895//1895
f 1894//1894 1887//1887 1897//1897
f 1893//1893 1899//1899 1904//1904
f 1902//1902 1896//1896 1908//1908
f 1901//1901 1907//1907 1911//1911
f 1912//1912 1906//1906 1917//1917
f 1913//1913 1918//1918 1919//1919
f 1921//1921 1915//1915 1926//1926
f 1920//1920 1923//1923 1928//1928
f 1929//1929 1924//1924 1935//1935
f 1930//1930 1934//1934 1941//1941
f 1938//1938 1933//1933 1946//1946
f 1939//1939 1945//1945 1950//1950
f 1947//1947 1944//1944 1954//1954
f 1949//1949 1953//1953 1956//1956
f 1959//1959 1955//1955 1964//1964
f 1958//1958 1962//1962 1966//1966
f 1967//1967 1963//1963 1969//1969
f 1968//1968 1973//1973 1976//1976
f 1974//1974 1971//1971 1981//1981
f 1975//1975 1978//1978 1985//1985
f 1986//1986 1980//1980 1990//1990
f 1983//1983 1991//1991 1994//1994
f 1993//1993 1988//1988 1998//1998
f 1995//1995 1997//1997 2004//2004
f 2002//2002 1999//1999 2005//2005
f 2001//2001 2008//2008 2010//2010
f 2012//2012 2006//2006 2018//2018
f 2013//2013 2015//2015 2021//2021
f 2019//2019 2014//2014 2025//2025
f 2022//2022 2024//2024 2031//2031
f 2029//2029 2023//2023 2036//2036
f 2028//2028 2033//2033 2038//2038
f 2039//2039 2034//2034 2043//2043
f 2040//2040 2045//2045 2049//2049
f 2046//2046 2044//2044 2050//2050
f 2047//2047 2051//2051 2056//2056
f 2055//2055 2054//2054 2059//2059
f 2057//2057 2060//2060 2067//2067
f 2066//2066 2061//2061 2070//2070
f 2064//2064 2072//2072 2073//2073
f 2074//2074 2071//2071 2078//2078
f 2075//2075 2079//2079 2082//2082
f 2083//2083 2080//2080 2086//2086
f 2085//2085 2089//2089 2091//2091
f 2092//2092 2088//2088 2097//2097
f 2094//2094 2096//2096 2100//2100
f 2102//2102 2095//2095 2105//2105
f 2103//2103 2104//2104 2111//2111
f 2110//2110 2106//2106 2116//2116
f 2109//2109 2115//2115 2121//2121
f 2119//2119 2114//2114 2124//2124
f 2120//2120 2126//2126 2128//2128
f 2130//2130 2122//2122 2133//2133
f 2129//2129 2135//2135 2138//2138
f 2137//2137 2131//2131 2141//2141
f 2139//2139 2142//2142 2148//2148
f 2147//2147 2144//2144 2153//2153
f 2145//2145 2149//2149 2156//2156
f 2157//2157 2151//2151 2161//2161
f 2155//2155 2162//2162 2163//2163
f 2165//2165 2158//2158 2169//2169
f 2166//2166 2167//2167 2174//2174
f 2175//2175 2171//2171 2180//2180
f 2173//2173 2178//2178 2183//2183
f 2181//2181 2177//2177 2189//2189
f 2184//2184 2188//2188 2191//2191
f 2193//2193 2186//2186 2197//2197
f 2192//2192 2196//2196 2202//2202
f 2201//2201 2195//2195 2205//2205
f 2199//2199 2206//2206 2211//2211
f 2210//2210 2207//2207 2214//2214
f 2208//2208 2216//2216 2219//2219
f 2220//2220 2213//2213 2223//2223
f 2218//2218 2224//2224 2228//2228
f 2229//2229 2225//2225 2233//2233
f 2226//2226 2232//2232 2236//2236
f 2235//2235 2234//2234 2239//2239
f 2237//2237 2240//2240 2247//2247
f 2244//2244 2243//2243 2248//2248
f 2246//2246 2251//2251 2254//2254
f 2255//2255 2249//2249 2260//2260
f 2253//2253 2261//2261 2266//2266
f 2264//2264 2258//2258 2270//2270
f 2265//2265 2271//2271 2273//2273
f 2274//2274 2267//2267 2278//2278
f 2275//2275 2277//2277 2281//2281
f 2283//2283 2276//2276 2285//2285
f 2282//2282 2287//2287 2292//2292
f 2290//2290 2288//2288 2295//2295
f 2291//2291 2296//2296 2299//2299
f 2302//2302 2294//2294 2306//2306
f 2300//2300 2304//2304 2309//2309
f 2310//2310 2303//2303 2312//2312
f 2308//2308 2316//2316 2319//2319
f 2318//2318 2314//2314 2324//2324
f 2320//2320 2322//2322 2329//2329
f 2326//2326 2325//2325 2334//2334
f 2328//2328 2331//2331 2336//2336
f 2337//2337 2333//2333 2340//2340
f 2338//2338 2341//2341 2347//2347
f 2345//2345 2339//2339 2351//2351
f 2346//2346 2349//2349 2356//2356
f 2355//2355 2350//2350 2360//2360
f 2354//2354 2357//2357 2364//2364
f 2365//2365 2359//2359 2370//2370
f 2362//2362 2366//2366 1188//1188
f 1186//1186 2367//2367 1193//1193
f 606//606 1792//1792 612//612
f 612//612 1792//1792 1780//1780
f 615//615 1779//1779 621//621
f 621//621 1779//1779 1771//1771
f 623//623 1770//1770 633//633
f 633//633 1770//1770 1761//1761
f 631//631 1765//1765 643//643
f 643//643 1765//1765 1754//1754
f 642//642 1752//1752 652//652
f 652//652 1752//1752 1746//1746
f 651//651 1747//1747 659//659
f 659//659 1747//1747 1736//1736
f 657//657 1738//1738 668//668
f 668//668 1738//1738 1727//1727
f 667//667 1729//1729 679//679
f 679//679 1729//1729 1718//1718
f 678//678 1716//1716 686//686
f 686//686 1716//1716 1710//1710
f 685//685 1709//1709 696//696
f 696//696 1709//1709 1700//1700
f 695//695 1698//1698 703//703
f 703//703 1698//1698 1689//1689
f 702//702 1692//1692 714//714
f 714//714 1692//1692 1682//1682
f 713//713 1681//1681 722//722
f 722//722 1681//1681 1674//1674
f 724//724 1675//1675 730//730
f 730//730 1675//1675 1662//1662
f 732//732 1663//1663 739//739
f 739//739 1663//1663 1655//1655
f 738//738 1657//1657 750//750
f 751//751 1654//1654 1647//1647
f 749//749 1643//1643 758//758
f 758//758 1643//1643 1635//1635
f 757//757 1636//1636 766//766
f 766//766 1636//1636 1625//1625
f 768//768 1626//1626 778//778
f 778//778 1626//1626 1617//1617
f 779//779 1618//1618 785//785
f 785//785 1618//1618 1608//1608
f 788//788 1607//1607 796//796
f 796//796 1607//1607 1601//1601
f 793//793 1600//1600 802//802
f 802//802 1600//1600 1589//1589
f 804//804 1591//1591 815//815
f 815//815 1591//1591 1582//1582
f 814//814 1581//1581 823//823
f 823//823 1581//1581 1573//1573
f 821//821 1571//1571 829//829
f 829//829 1571//1571 1562//1562
f 830//830 1564//1564 842//842
f 842//842 1564//1564 1554//1554
f 841//841 1553//1553 848//848
f 848//848 1553//1553 1544//1544
f 847//847 1548//1548 858//858
f 858//858 1548//1548 1535//1535
f 857//857 1539//1539 867//867
f 867//867 1539//1539 1530//1530
f 868//868 1526//1526 878//878
f 878//878 1526//1526 1517//1517
f 875//875 1518//1518 886//886
f 886//886 1518//1518 1509//1509
f 885//885 1510//1510 896//896
f 896//896 1510//1510 1501//1501
f 893//893 1500//1500 903//903
f 903//903 1500//1500 1491//1491
f 901//901 1492//1492 912//912
f 912//912 1492//1492 1485//1485
f 910//910 1483//1483 922//922
f 922//922 1483//1483 1473//1473
f 920//920 1472//1472 932//932
f 932//932 1472//1472 1466//1466
f 931//931 1467//1467 938//938
f 938//938 1467//1467 1455//1455
f 939//939 1456//1456 947//947
f 947//947 1456//1456 1448//1448
f 948//948 1447//1447 959//959
f 959//959 1447//1447 1440//1440
f 957//957 1439//1439 967//967
f 967//967 1439//1439 1428//1428
f 966//966 1427//1427 974//974
f 974//974 1427//1427 1421//1421
f 973//973 1420//1420 985//985
f 985//985 1420//1420 1411//1411
f 983//983 1412//1412 991//991
f 991//991 1412//1412 1402//1402
f 994//994 1400//1400 1003//1003
f 1003//1003 1400//1400 1394//1394
f 1004//1004 1395//1395 1012//1012
f 1012//1012 1395//1395 1386//1386
f 1011//1011 1385//1385 1022//1022
f 1022//1022 1385//1385 1373//1373
f 1021//1021 1376//1376 1028//1028
f 1028//1028 1376//1376 1366//1366
f 1027//1027 1367//1367 1038//1038
f 1038//1038 1367//1367 1358//1358
f 1039//1039 1359//1359 1045//1045
f 1045//1045 1359//1359 1348//1348
f 1048//1048 1346//1346 1057//1057
f 1057//1057 1346//1346 1341//1341
f 1058//1058 1337//1337 1064//1064
f 1064//1064 1337//1337 1332//1332
f 1067//1067 1330//1330 1077//1077
f 1073//1073 1329//1329 1321//1321
f 1072//1072 1322//1322 1083//1083
f 1083//1083 1322//1322 1313//1313
f 1084//1084 1312//1312 1095//1095
f 1095//1095 1312//1312 1300//1300
f 1094//1094 1301//1301 1100//1100
f 1100//1100 1301//1301 1293//1293
f 1101//1101 1295//1295 1110//1110
f 1110//1110 1295//1295 1286//1286
f 1109//1109 1284//1284 1122//1122
f 1122//1122 1284//1284 1274//1274
f 1121//1121 1277//1277 1129//1129
f 1129//1129 1277//1277 1268//1268
f 1127//1127 1264//1264 1138//1138
f 1138//1138 1264//1264 1256//1256
f 1140//1140 1255//1255 1145//1145
f 1145//1145 1255//1255 1248//1248
f 1146//1146 1250//1250 1158//1158
f 1158//1158 1250//1250 1239//1239
f 1157//1157 1240//1240 1164//1164
f 1164//1164 1240//1240 1230//1230
f 1163//1163 1229//1229 1174//1174
f 1174//1174 1229//1229 1223//1223
f 1176//1176 1220//1220 1184//1184
f 1184//1184 1220//1220 1210//1210
f 1183//1183 1212//1212 8//8
f 7//7 1214//1214 1202//1202
f 5//5 1200//1200 17//17
f 17//17 1200//1200 1192//1192
f 16//16 1195//1195 25//25
f 24//24 1194//1194 2369//2369
f 26//26 2368//2368 36//36
f 36//36 2368//2368 2358//2358
f 38//38 2361//2361 44//44
f 44//44 2361//2361 2352//2352
f 43//43 2348//2348 54//54
f 54//54 2348//2348 2342//2342
f 55//55 2343//2343 61//61
f 61//61 2343//2343 2332//2332
f 62//62 2330//2330 71//71
f 71//71 2330//2330 2323//2323
f 70//70 2321//2321 83//83
f 83//83 2321//2321 2315//2315
f 79//79 2313//2313 91//91
f 91//91 2313//2313 2307//2307
f 90//90 2305//2305 98//98
f 98//98 2305//2305 2297//2297
f 97//97 2298//2298 110//110
f 110//110 2298//2298 2289//2289
f 109//109 2286//2286 119//119
f 119//119 2286//2286 2279//2279
f 118//118 2280//2280 126//126
f 126//126 2280//2280 2268//2268
f 125//125 2269//2269 133//133
f 133//133 2269//2269 2262//2262
f 135//135 2259//2259 144//144
f 145//145 2257//2257 2252//2252
f 146//146 2250//2250 152//152
f 152//152 2250//2250 2241//2241
f 153//153 2242//2242 162//162
f 162//162 2242//2242 2230//2230
f 164//164 2231//2231 172//172
f 172//172 2231//2231 2222//2222
f 170//170 2221//2221 182//182
f 182//182 2221//2221 2212//2212
f 181//181 2215//2215 188//188
f 188//188 2215//2215 2203//2203
f 189//189 2204//2204 199//199
f 199//199 2204//2204 2198//2198
f 198//198 2194//2194 209//209
f 209//209 2194//2194 2185//2185
f 210//210 2187//2187 219//219
f 219//219 2187//2187 2176//2176
f 218//218 2179//2179 224//224
f 224//224 2179//2179 2168//2168
f 225//225 2170//2170 234//234
f 234//234 2170//2170 2159//2159
f 236//236 2160//2160 242//242
f 242//242 2160//2160 2150//2150
f 245//245 2152//2152 252//252
f 252//252 2152//2152 2140//2140
f 251//251 2143//2143 263//263
f 263//263 2143//2143 2132//2132
f 264//264 2134//2134 273//273
f 273//273 2134//2134 2125//2125
f 269//269 2123//2123 279//279
f 279//279 2123//2123 2113//2113
f 278//278 2117//2117 288//288
f 288//288 2117//2117 2108//2108
f 291//291 2107//2107 296//296
f 296//296 2107//2107 2098//2098
f 297//297 2099//2099 308//308
f 308//308 2099//2099 2090//2090
f 309//309 2087//2087 318//318
f 318//318 2087//2087 2077//2077
f 314//314 2081//2081 327//327
f 327//327 2081//2081 2068//2068
f 326//326 2069//2069 333//333
f 333//333 2069//2069 2062//2062
f 332//332 2063//2063 345//345
f 345//345 2063//2063 2052//2052
f 344//344 2053//2053 350//350
f 350//350 2053//2053 2041//2041
f 351//351 2042//2042 360//360
f 360//360 2042//2042 2035//2035
f 362//362 2032//2032 371//371
f 371//371 2032//2032 2027//2027
f 369//369 2026//2026 379//379
f 379//379 2026//2026 2017//2017
f 378//378 2016//2016 388//388
f 388//388 2016//2016 2009//2009
f 386//386 2007//2007 398//398
f 398//398 2007//2007 2000//2000
f 397//397 1996//1996 404//404
f 404//404 1996//1996 1989//1989
f 407//407 1987//1987 417//417
f 417//417 1987//1987 1982//1982
f 416//416 1979//1979 422//422
f 422//422 1979//1979 1972//1972
f 424//424 1970//1970 431//431
f 431//431 1970//1970 1961//1961
f 432//432 1960//1960 444//444
f 444//444 1960//1960 1951//1951
f 443//443 1952//1952 452//452
f 452//452 1952//1952 1942//1942
f 453//453 1943//1943 458//458
f 458//458 1943//1943 1932//1932
f 462//462 1937//1937 469//469
f 468//468 1936//1936 1927//1927
f 467//467 1925//1925 480//480
f 480//480 1925//1925 1916//1916
f 481//481 1914//1914 490//490
f 490//490 1914//1914 1909//1909
f 489//489 1905//1905 497//497
f 497//497 1905//1905 1900//1900
f 496//496 1898//1898 504//504
f 504//504 1898//1898 1890//1890
f 505//505 1888//1888 514//514
f 514//514 1888//1888 1882//1882
f 513//513 1880//1880 525//525
f 525//525 1880//1880 1869//1869
f 523//523 1870//1870 534//534
f 534//534 1870//1870 1864//1864
f 535//535 1863//1863 541//541
f 541//541 1863//1863 1852//1852
f 540//540 1855//1855 551//551
f 551//551 1855//1855 1846//1846
f 549//549 1844//1844 558//558
f 558//558 1844//1844 1837//1837
f 562//562 1834//1834 567//567
f 567//567 1834//1834 1824//1824
f 571//571 1828//1828 579//579
f 579//579 1828//1828 1817//1817
f 580//580 1815//1815 589//589
f 589//589 1815//1815 1810//1810
f 588//588 1808//1808 594//594
f 594//594 1808//1808 1798//1798
f 595//595 1801//1801 604//604
f 604//604 1801//1801 1790//1790
f 23//23 602//602 13//13
f 13//13 602//602 608//608
f 13//13 608//608 4//4
f 4//4 608//608 620//620
f 4//4 620//620 1178//1178
f 1178//1178 620//620 629//629
f 1178//1178 629//629 1169//1169
f 1169//1169 629//629 635//635
f 1169//1169 635//635 1159//1159
f 1159//1159 635//635 647//647
f 1159//1159 647//647 1152//1152
f 1152//1152 647//647 655//655
f 1152//1152 655//655 1143//1143
f 1143//1143 655//655 663//663
f 1143//1143 663//663 1134//1134
f 1134//1134 663//663 671//671
f 1134//1134 671//671 1123//1123
f 1123//1123 671//671 682//682
f 1123//1123 682//682 1117//1117
f 1117//1117 682//682 692//692
f 1117//1117 692//692 1105//1105
f 1105//1105 692//692 701//701
f 1105//1105 701//701 1099//1099
f 1099//1099 701//701 707//707
f 1099//1099 707//707 1090//1090
f 1090//1090 707//707 719//719
f 1090//1090 719//719 1081//1081
f 1081//1081 719//719 727//727
f 1081//1081 727//727 1071//1071
f 1071//1071 727//727 737//737
f 1071//1071 737//737 1061//1061
f 1061//1061 737//737 743//743
f 1061//1061 743//743 1050//1050
f 1050//1050 743//743 753//753
f 1050//1050 753//753 1044//1044
f 1044//1044 753//753 762//762
f 1044//1044 762//762 1035//1035
f 1035//1035 762//762 771//771
f 1035//1035 771//771 1024//1024
f 1024//1024 771//771 783//783
f 1024//1024 783//783 1017//1017
f 1017//1017 783//783 789//789
f 1017//1017 789//789 1007//1007
f 1007//1007 789//789 799//799
f 1007//1007 799//799 996//996
f 996//996 799//799 807//807
f 996//996 807//807 990//990
f 990//990 807//807 819//819
f 990//990 819//819 980//980
f 980//980 819//819 826//826
f 980//980 826//826 971//971
f 971//971 826//826 834//834
f 971//971 834//834 962//962
f 962//962 834//834 843//843
f 962//962 843//843 954//954
f 954//954 843//843 855//855
f 954//954 855//855 943//943
f 943//943 855//855 862//862
f 943//943 862//862 935//935
f 935//935 862//862 870//870
f 935//935 870//870 924//924
f 924//924 870//870 879//879
f 924//924 879//879 915//915
f 915//915 879//879 888//888
f 915//915 888//888 909//909
f 909//909 888//888 897//897
f 602//602 23//23 591//591
f 591//591 23//23 30//30
f 591//591 30//30 582//582
f 582//582 30//30 42//42
f 582//582 42//42 573//573
f 573//573 42//42 48//48
f 573//573 48//48 566//566
f 566//566 48//48 60//60
f 566//566 60//60 555//555
f 555//555 60//60 69//69
f 555//555 69//69 548//548
f 548//548 69//69 75//75
f 548//548 75//75 538//538
f 538//538 75//75 84//84
f 538//538 84//84 527//527
f 527//527 84//84 94//94
f 527//527 94//94 520//520
f 520//520 94//94 103//103
f 520//520 103//103 510//510
f 510//510 103//103 112//112
f 510//510 112//112 501//501
f 501//501 112//112 120//120
f 501//501 120//120 491//491
f 491//491 120//120 129//129
f 491//491 129//129 483//483
f 483//483 129//129 138//138
f 483//483 138//138 476//476
f 476//476 138//138 149//149
f 476//476 149//149 465//465
f 465//465 149//149 157//157
f 465//465 157//157 456//456
f 456//456 157//157 169//169
f 456//456 169//169 447//447
f 447//447 169//169 177//177
f 447//447 177//177 438//438
f 438//438 177//177 187//187
f 438//438 187//187 428//428
f 428//428 187//187 195//195
f 428//428 195//195 421//421
f 421//421 195//195 205//205
f 421//421 205//205 409//409
f 409//409 205//205 212//212
f 409//409 212//212 400//400
f 400//400 212//212 223//223
f 400//400 223//223 393//393
f 393//393 223//223 229//229
f 393//393 229//229 385//385
f 385//385 229//229 241//241
f 385//385 241//241 373//373
f 373//373 241//241 250//250
f 373//373 250//250 367//367
f 367//367 250//250 259//259
f 367//367 259//259 358//358
f 358//358 259//259 268//268
f 358//358 268//268 346//346
f 346//346 268//268 277//277
f 346//346 277//277 337//337
f 337//337 277//277 285//285
f 337//337 285//285 330//330
f 330//330 285//285 292//292
f 330//330 292//292 321//321
f 321//321 292//292 302//302
f 321//321 302//302 313//313
f 2373//2373 2376//2376 2378//2378
f 2378//2378 2376//2376 2380//2380
f 2385//2385 2372//2372 2387//2387
f 2387//2387 2372//2372 2379//2379
f 2389//2389 2384//2384 2393//2393
f 2393//2393 2384//2384 2388//2388
f 2375//2375 2390//2390 2382//2382
f 2382//2382 2390//2390 2392//2392
f 1208//1208 2381//2381 1198//1198
f 1198//1198 2381//2381 2394//2394
f 1198//1198 2394//2394 1189//1189
f 1189//1189 2394//2394 2363//2363
f 2363//2363 2394//2394 2353//2353
f 2353//2353 2394//2394 2344//2344
f 2344//2344 2394//2394 2335//2335
f 2335//2335 2394//2394 2327//2327
f 2327//2327 2394//2394 2317//2317
f 2317//2317 2394//2394 2311//2311
f 2311//2311 2394//2394 2301//2301
f 2301//2301 2394//2394 2293//2293
f 2293//2293 2394//2394 2284//2284
f 2284//2284 2394//2394 2272//2272
f 2272//2272 2394//2394 2263//2263
f 2263//2263 2394//2394 2256//2256
f 2256//2256 2394//2394 2245//2245
f 2245//2245 2394//2394 2238//2238
f 2238//2238 2394//2394 2227//2227
f 2227//2227 2394//2394 2217//2217
f 2217//2217 2394//2394 2209//2209
f 2209//2209 2394//2394 2200//2200
f 2200//2200 2394//2394 2190//2190
f 2190//2190 2394//2394 2182//2182
f 2182//2182 2394//2394 2172//2172
f 2172//2172 2394//2394 2164//2164
f 2164//2164 2394//2394 2154//2154
f 2154//2154 2394//2394 2146//2146
f 2146//2146 2394//2394 2136//2136
f 2136//2136 2394//2394 2127//2127
f 2127//2127 2394//2394 2118//2118
f 2118//2118 2394//2394 2112//2112
f 2112//2112 2394//2394 2101//2101
f 2101//2101 2394//2394 2093//2093
f 2093//2093 2394//2394 2084//2084
f 2084//2084 2394//2394 2386//2386
f 2084//2084 2386//2386 2076//2076
f 2076//2076 2386//2386 2065//2065
f 2065//2065 2386//2386 2058//2058
f 2058//2058 2386//2386 2048//2048
f 2048//2048 2386//2386 2037//2037
f 2037//2037 2386//2386 2030//2030
f 2030//2030 2386//2386 2020//2020
f 2020//2020 2386//2386 2011//2011
f 2011//2011 2386//2386 2003//2003
f 2003//2003 2386//2386 1992//1992
f 1992//1992 2386//2386 1984//1984
f 1984//1984 2386//2386 1977//1977
f 1977//1977 2386//2386 1965//1965
f 1965//1965 2386//2386 1957//1957
f 1957//1957 2386//2386 1948//1948
f 1948//1948 2386//2386 1940//1940
f 1940//1940 2386//2386 1931//1931
f 1931//1931 2386//2386 1922//1922
f 1922//1922 2386//2386 1910//1910
f 1910//1910 2386//2386 1903//1903
f 1903//1903 2386//2386 1892//1892
f 1892//1892 2386//2386 1884//1884
f 1884//1884 2386//2386 1876//1876
f 1876//1876 2386//2386 1865//1865
f 1865//1865 2386//2386 1859//1859
f 1859//1859 2386//2386 1848//1848
f 1848//1848 2386//2386 1838//1838
f 1838//1838 2386//2386 1829//1829
f 1829//1829 2386//2386 1822//1822
f 1822//1822 2386//2386 1811//1811
f 1811//1811 2386//2386 1803//1803
f 1803//1803 2386//2386 1793//1793
f 1793//1793 2386//2386 2377//2377
f 1793//1793 2377//2377 1784//1784
f 1784//1784 2377//2377 1778//1778
f 1778//1778 2377//2377 1767//1767
f 1767//1767 2377//2377 1757//1757
f 1757//1757 2377//2377 1748//1748
f 1748//1748 2377//2377 1739//1739
f 1739//1739 2377//2377 1732//1732
f 1732//1732 2377//2377 1723//1723
f 1723//1723 2377//2377 1713//1713
f 1713//1713 2377//2377 1703//1703
f 1703//1703 2377//2377 1697//1697
f 1697//1697 2377//2377 1686//1686
f 1686//1686 2377//2377 1676//1676
f 1676//1676 2377//2377 1667//1667
f 1667//1667 2377//2377 1661//1661
f 1661//1661 2377//2377 1651//1651
f 1651//1651 2377//2377 1642//1642
f 1642//1642 2377//2377 1631//1631
f 1631//1631 2377//2377 1622//1622
f 1622//1622 2377//2377 1612//1612
f 1612//1612 2377//2377 1606//1606
f 1606//1606 2377//2377 1595//1595
f 1595//1595 2377//2377 1586//1586
f 1586//1586 2377//2377 1578//1578
f 1578//1578 2377//2377 1569//1569
f 1569//1569 2377//2377 1558//1558
f 1558//1558 2377//2377 1550//1550
f 1550//1550 2377//2377 1540//1540
f 1540//1540 2377//2377 1533//1533
f 1533//1533 2377//2377 1522//1522
f 1522//1522 2377//2377 1513//1513
f 1513//1513 2377//2377 1506//1506
f 1506//1506 2377//2377 1495//1495
f 1495//1495 2377//2377 2381//2381
f 1495//1495 2381//2381 1488//1488
f 1488//1488 2381//2381 1477//1477
f 1477//1477 2381//2381 1471//1471
f 1471//1471 2381//2381 1462//1462
f 1462//1462 2381//2381 1450//1450
f 1450//1450 2381//2381 1441//1441
f 1441//1441 2381//2381 1435//1435
f 1435//1435 2381//2381 1425//1425
f 1425//1425 2381//2381 1417//1417
f 1417//1417 2381//2381 1405//1405
f 1405//1405 2381//2381 1396//1396
f 1396//1396 2381//2381 1387//1387
f 1387//1387 2381//2381 1379//1379
f 1379//1379 2381//2381 1369//1369
f 1369//1369 2381//2381 1360//1360
f 1360//1360 2381//2381 1353//1353
f 1353//1353 2381//2381 1343//1343
f 1343//1343 2381//2381 1336//1336
f 1336//1336 2381//2381 1325//1325
f 1325//1325 2381//2381 1317//1317
f 1317//1317 2381//2381 1306//1306
f 1306//1306 2381//2381 1296//1296
f 1296//1296 2381//2381 1290//1290
f 1290//1290 2381//2381 1280//1280
f 1280//1280 2381//2381 1272//1272
f 1272//1272 2381//2381 1261//1261
f 1261//1261 2381//2381 1254//1254
f 1254//1254 2381//2381 1242//1242
f 1242//1242 2381//2381 1233//1233
f 1233//1233 2381//2381 1224//1224
f 1224//1224 2381//2381 1215//1215
f 1215//1215 2381//2381 1208//1208
f 2374//2374 2371//2371 2391//2391
f 2391//2391 2371//2371 2383//2383

